image_path,fake_label,transform_label
train/ai/Culture_&_Religion_000003.png,1,0
train/ai/Culture_&_Religion_000005.png,1,0
train/ai/Culture_&_Religion_000008.png,1,0
train/ai/Culture_&_Religion_000009.png,1,0
train/ai/Culture_&_Religion_000013.png,1,0
train/ai/Culture_&_Religion_000016.png,1,0
train/ai/Culture_&_Religion_000018.png,1,0
train/ai/Culture_&_Religion_000019.png,1,0
train/ai/Culture_&_Religion_000031.png,1,0
train/ai/Culture_&_Religion_000035.png,1,0
train/ai/Culture_&_Religion_000043.png,1,0
train/ai/Culture_&_Religion_000045.png,1,0
train/ai/Culture_&_Religion_000047.png,1,0
train/ai/Culture_&_Religion_000053.png,1,0
train/ai/Culture_&_Religion_000064.png,1,0
train/ai/Culture_&_Religion_000067.png,1,0
train/ai/Culture_&_Religion_000068.png,1,0
train/ai/Culture_&_Religion_000070.png,1,0
train/ai/Culture_&_Religion_000076.png,1,0
train/ai/Culture_&_Religion_000084.png,1,0
train/ai/Culture_&_Religion_000088.png,1,0
train/ai/Culture_&_Religion_000102.png,1,0
train/ai/Culture_&_Religion_000118.png,1,0
train/ai/Culture_&_Religion_000120.png,1,0
train/ai/Culture_&_Religion_000127.png,1,0
train/ai/Culture_&_Religion_000129.png,1,0
train/ai/Culture_&_Religion_000136.png,1,0
train/ai/Culture_&_Religion_000137.png,1,0
train/ai/Culture_&_Religion_000141.png,1,0
train/ai/Culture_&_Religion_000143.png,1,0
train/ai/Culture_&_Religion_000147.png,1,0
train/ai/Culture_&_Religion_000148.png,1,0
train/ai/Culture_&_Religion_000151.png,1,0
train/ai/Culture_&_Religion_000168.png,1,0
train/ai/Culture_&_Religion_000178.png,1,0
train/ai/Culture_&_Religion_000186.png,1,0
train/ai/Culture_&_Religion_000194.png,1,0
train/ai/Culture_&_Religion_000195.png,1,0
train/ai/Culture_&_Religion_000204.png,1,0
train/ai/Culture_&_Religion_000233.png,1,0
train/ai/Culture_&_Religion_000238.png,1,0
train/ai/Culture_&_Religion_000255.png,1,0
train/ai/Culture_&_Religion_000270.png,1,0
train/ai/Culture_&_Religion_000280.png,1,0
train/ai/Culture_&_Religion_000283.png,1,0
train/ai/Culture_&_Religion_000295.png,1,0
train/ai/Culture_&_Religion_000305.png,1,0
train/ai/Culture_&_Religion_000306.png,1,0
train/ai/Culture_&_Religion_000326.png,1,0
train/ai/Culture_&_Religion_000327.png,1,0
train/ai/Culture_&_Religion_000333.png,1,0
train/ai/Culture_&_Religion_000336.png,1,0
train/ai/Culture_&_Religion_000340.png,1,0
train/ai/Culture_&_Religion_000355.png,1,0
train/ai/Culture_&_Religion_000365.png,1,0
train/ai/Culture_&_Religion_000388.png,1,0
train/ai/Culture_&_Religion_000391.png,1,0
train/ai/Culture_&_Religion_000395.png,1,0
train/ai/Culture_&_Religion_000402.png,1,0
train/ai/Culture_&_Religion_000403.png,1,0
train/ai/Culture_&_Religion_000404.png,1,0
train/ai/Culture_&_Religion_000410.png,1,0
train/ai/Culture_&_Religion_000416.png,1,0
train/ai/Culture_&_Religion_000418.png,1,0
train/ai/Culture_&_Religion_000422.png,1,0
train/ai/Culture_&_Religion_000444.png,1,0
train/ai/Culture_&_Religion_000449.png,1,0
train/ai/Culture_&_Religion_000472.png,1,0
train/ai/Culture_&_Religion_000474.png,1,0
train/ai/Culture_&_Religion_000504.png,1,0
train/ai/Culture_&_Religion_000508.png,1,0
train/ai/Culture_&_Religion_000520.png,1,0
train/ai/Culture_&_Religion_000531.png,1,0
train/ai/Culture_&_Religion_000539.png,1,0
train/ai/Culture_&_Religion_000542.png,1,0
train/ai/Culture_&_Religion_000545.png,1,0
train/ai/Culture_&_Religion_000548.png,1,0
train/ai/Culture_&_Religion_000561.png,1,0
train/ai/Culture_&_Religion_000563.png,1,0
train/ai/Culture_&_Religion_000578.png,1,0
train/ai/Culture_&_Religion_000580.png,1,0
train/ai/Culture_&_Religion_000584.png,1,0
train/ai/Culture_&_Religion_000590.png,1,0
train/ai/Culture_&_Religion_000595.png,1,0
train/ai/Culture_&_Religion_000599.png,1,0
train/ai/Culture_&_Religion_000607.png,1,0
train/ai/Culture_&_Religion_000631.png,1,0
train/ai/Culture_&_Religion_000640.png,1,0
train/ai/Culture_&_Religion_000641.png,1,0
train/ai/Culture_&_Religion_000664.png,1,0
train/ai/Culture_&_Religion_000677.png,1,0
train/ai/Culture_&_Religion_000686.png,1,0
train/ai/Culture_&_Religion_000694.png,1,0
train/ai/Culture_&_Religion_000733.png,1,0
train/ai/Culture_&_Religion_000740.png,1,0
train/ai/Culture_&_Religion_000742.png,1,0
train/ai/Culture_&_Religion_000750.png,1,0
train/ai/Culture_&_Religion_000753.png,1,0
train/ai/Culture_&_Religion_000758.png,1,0
train/ai/Culture_&_Religion_000761.png,1,0
train/ai/Culture_&_Religion_000785.png,1,0
train/ai/Culture_&_Religion_000786.png,1,0
train/ai/Culture_&_Religion_000787.png,1,0
train/ai/Culture_&_Religion_000795.png,1,0
train/ai/Culture_&_Religion_000820.png,1,0
train/ai/Culture_&_Religion_000826.png,1,0
train/ai/Culture_&_Religion_000828.png,1,0
train/ai/Culture_&_Religion_000861.png,1,0
train/ai/Culture_&_Religion_000881.png,1,0
train/ai/Culture_&_Religion_000909.png,1,0
train/ai/Culture_&_Religion_000917.png,1,0
train/ai/Culture_&_Religion_000921.png,1,0
train/ai/Culture_&_Religion_000926.png,1,0
train/ai/Culture_&_Religion_000930.png,1,0
train/ai/Culture_&_Religion_000938.png,1,0
train/ai/Culture_&_Religion_000946.png,1,0
train/ai/Culture_&_Religion_000949.png,1,0
train/ai/Culture_&_Religion_000950.png,1,0
train/ai/Culture_&_Religion_000951.png,1,0
train/ai/Culture_&_Religion_000960.png,1,0
train/ai/Culture_&_Religion_000963.png,1,0
train/ai/Culture_&_Religion_000970.png,1,0
train/ai/Culture_&_Religion_000985.png,1,0
train/ai/Culture_&_Religion_000991.png,1,0
train/ai/Culture_&_Religion_000996.png,1,0
train/ai/Medical_&_Public_Health_000001.png,1,0
train/ai/Medical_&_Public_Health_000029.png,1,0
train/ai/Medical_&_Public_Health_000035.png,1,0
train/ai/Medical_&_Public_Health_000036.png,1,0
train/ai/Medical_&_Public_Health_000042.png,1,0
train/ai/Medical_&_Public_Health_000049.png,1,0
train/ai/Medical_&_Public_Health_000051.png,1,0
train/ai/Medical_&_Public_Health_000084.png,1,0
train/ai/Medical_&_Public_Health_000085.png,1,0
train/ai/Medical_&_Public_Health_000089.png,1,0
train/ai/Medical_&_Public_Health_000106.png,1,0
train/ai/Medical_&_Public_Health_000119.png,1,0
train/ai/Medical_&_Public_Health_000120.png,1,0
train/ai/Medical_&_Public_Health_000124.png,1,0
train/ai/Medical_&_Public_Health_000125.png,1,0
train/ai/Medical_&_Public_Health_000136.png,1,0
train/ai/Medical_&_Public_Health_000149.png,1,0
train/ai/Medical_&_Public_Health_000163.png,1,0
train/ai/Medical_&_Public_Health_000165.png,1,0
train/ai/Medical_&_Public_Health_000168.png,1,0
train/ai/Medical_&_Public_Health_000170.png,1,0
train/ai/Medical_&_Public_Health_000172.png,1,0
train/ai/Medical_&_Public_Health_000173.png,1,0
train/ai/Medical_&_Public_Health_000199.png,1,0
train/ai/Medical_&_Public_Health_000206.png,1,0
train/ai/Medical_&_Public_Health_000235.png,1,0
train/ai/Medical_&_Public_Health_000236.png,1,0
train/ai/Medical_&_Public_Health_000237.png,1,0
train/ai/Medical_&_Public_Health_000247.png,1,0
train/ai/Medical_&_Public_Health_000262.png,1,0
train/ai/Medical_&_Public_Health_000268.png,1,0
train/ai/Medical_&_Public_Health_000273.png,1,0
train/ai/Medical_&_Public_Health_000285.png,1,0
train/ai/Medical_&_Public_Health_000287.png,1,0
train/ai/Medical_&_Public_Health_000299.png,1,0
train/ai/Medical_&_Public_Health_000310.png,1,0
train/ai/Medical_&_Public_Health_000311.png,1,0
train/ai/Medical_&_Public_Health_000319.png,1,0
train/ai/Medical_&_Public_Health_000327.png,1,0
train/ai/Medical_&_Public_Health_000339.png,1,0
train/ai/Medical_&_Public_Health_000354.png,1,0
train/ai/Medical_&_Public_Health_000359.png,1,0
train/ai/Medical_&_Public_Health_000361.png,1,0
train/ai/Medical_&_Public_Health_000365.png,1,0
train/ai/Medical_&_Public_Health_000366.png,1,0
train/ai/Medical_&_Public_Health_000385.png,1,0
train/ai/Medical_&_Public_Health_000393.png,1,0
train/ai/Medical_&_Public_Health_000397.png,1,0
train/ai/Medical_&_Public_Health_000417.png,1,0
train/ai/Medical_&_Public_Health_000424.png,1,0
train/ai/Medical_&_Public_Health_000427.png,1,0
train/ai/Medical_&_Public_Health_000432.png,1,0
train/ai/Medical_&_Public_Health_000443.png,1,0
train/ai/Medical_&_Public_Health_000446.png,1,0
train/ai/Medical_&_Public_Health_000461.png,1,0
train/ai/Medical_&_Public_Health_000477.png,1,0
train/ai/Medical_&_Public_Health_000483.png,1,0
train/ai/Medical_&_Public_Health_000485.png,1,0
train/ai/Medical_&_Public_Health_000499.png,1,0
train/ai/Medical_&_Public_Health_000505.png,1,0
train/ai/Medical_&_Public_Health_000515.png,1,0
train/ai/Medical_&_Public_Health_000522.png,1,0
train/ai/Medical_&_Public_Health_000525.png,1,0
train/ai/Medical_&_Public_Health_000527.png,1,0
train/ai/Medical_&_Public_Health_000545.png,1,0
train/ai/Medical_&_Public_Health_000546.png,1,0
train/ai/Medical_&_Public_Health_000553.png,1,0
train/ai/Medical_&_Public_Health_000575.png,1,0
train/ai/Medical_&_Public_Health_000581.png,1,0
train/ai/Medical_&_Public_Health_000601.png,1,0
train/ai/Medical_&_Public_Health_000610.png,1,0
train/ai/Medical_&_Public_Health_000612.png,1,0
train/ai/Medical_&_Public_Health_000615.png,1,0
train/ai/Medical_&_Public_Health_000628.png,1,0
train/ai/Medical_&_Public_Health_000632.png,1,0
train/ai/Medical_&_Public_Health_000637.png,1,0
train/ai/Medical_&_Public_Health_000647.png,1,0
train/ai/Medical_&_Public_Health_000663.png,1,0
train/ai/Medical_&_Public_Health_000667.png,1,0
train/ai/Medical_&_Public_Health_000689.png,1,0
train/ai/Medical_&_Public_Health_000702.png,1,0
train/ai/Medical_&_Public_Health_000704.png,1,0
train/ai/Medical_&_Public_Health_000709.png,1,0
train/ai/Medical_&_Public_Health_000737.png,1,0
train/ai/Medical_&_Public_Health_000739.png,1,0
train/ai/Medical_&_Public_Health_000741.png,1,0
train/ai/Medical_&_Public_Health_000746.png,1,0
train/ai/Medical_&_Public_Health_000748.png,1,0
train/ai/Medical_&_Public_Health_000754.png,1,0
train/ai/Medical_&_Public_Health_000766.png,1,0
train/ai/Medical_&_Public_Health_000774.png,1,0
train/ai/Medical_&_Public_Health_000780.png,1,0
train/ai/Medical_&_Public_Health_000789.png,1,0
train/ai/Medical_&_Public_Health_000796.png,1,0
train/ai/Medical_&_Public_Health_000807.png,1,0
train/ai/Medical_&_Public_Health_000814.png,1,0
train/ai/Medical_&_Public_Health_000821.png,1,0
train/ai/Medical_&_Public_Health_000825.png,1,0
train/ai/Medical_&_Public_Health_000828.png,1,0
train/ai/Medical_&_Public_Health_000829.png,1,0
train/ai/Medical_&_Public_Health_000830.png,1,0
train/ai/Medical_&_Public_Health_000839.png,1,0
train/ai/Medical_&_Public_Health_000854.png,1,0
train/ai/Medical_&_Public_Health_000867.png,1,0
train/ai/Medical_&_Public_Health_000868.png,1,0
train/ai/Medical_&_Public_Health_000890.png,1,0
train/ai/Medical_&_Public_Health_000893.png,1,0
train/ai/Medical_&_Public_Health_000896.png,1,0
train/ai/Medical_&_Public_Health_000902.png,1,0
train/ai/Medical_&_Public_Health_000918.png,1,0
train/ai/Medical_&_Public_Health_000926.png,1,0
train/ai/Medical_&_Public_Health_000938.png,1,0
train/ai/Medical_&_Public_Health_000940.png,1,0
train/ai/Medical_&_Public_Health_000942.png,1,0
train/ai/Medical_&_Public_Health_000954.png,1,0
train/ai/Medical_&_Public_Health_000956.png,1,0
train/ai/Medical_&_Public_Health_000960.png,1,0
train/ai/Medical_&_Public_Health_000966.png,1,0
train/ai/Medical_&_Public_Health_000968.png,1,0
train/ai/Medical_&_Public_Health_000985.png,1,0
train/ai/Medical_&_Public_Health_000988.png,1,0
train/ai/Medical_&_Public_Health_000990.png,1,0
train/ai/Natural_Disasters_&_Accidents_000004.png,1,0
train/ai/Natural_Disasters_&_Accidents_000024.png,1,0
train/ai/Natural_Disasters_&_Accidents_000026.png,1,0
train/ai/Natural_Disasters_&_Accidents_000041.png,1,0
train/ai/Natural_Disasters_&_Accidents_000043.png,1,0
train/ai/Natural_Disasters_&_Accidents_000051.png,1,0
train/ai/Natural_Disasters_&_Accidents_000053.png,1,0
train/ai/Natural_Disasters_&_Accidents_000055.png,1,0
train/ai/Natural_Disasters_&_Accidents_000075.png,1,0
train/ai/Natural_Disasters_&_Accidents_000079.png,1,0
train/ai/Natural_Disasters_&_Accidents_000091.png,1,0
train/ai/Natural_Disasters_&_Accidents_000106.png,1,0
train/ai/Natural_Disasters_&_Accidents_000108.png,1,0
train/ai/Natural_Disasters_&_Accidents_000133.png,1,0
train/ai/Natural_Disasters_&_Accidents_000137.png,1,0
train/ai/Natural_Disasters_&_Accidents_000138.png,1,0
train/ai/Natural_Disasters_&_Accidents_000139.png,1,0
train/ai/Natural_Disasters_&_Accidents_000142.png,1,0
train/ai/Natural_Disasters_&_Accidents_000146.png,1,0
train/ai/Natural_Disasters_&_Accidents_000149.png,1,0
train/ai/Natural_Disasters_&_Accidents_000150.png,1,0
train/ai/Natural_Disasters_&_Accidents_000154.png,1,0
train/ai/Natural_Disasters_&_Accidents_000164.png,1,0
train/ai/Natural_Disasters_&_Accidents_000167.png,1,0
train/ai/Natural_Disasters_&_Accidents_000174.png,1,0
train/ai/Natural_Disasters_&_Accidents_000176.png,1,0
train/ai/Natural_Disasters_&_Accidents_000177.png,1,0
train/ai/Natural_Disasters_&_Accidents_000181.png,1,0
train/ai/Natural_Disasters_&_Accidents_000185.png,1,0
train/ai/Natural_Disasters_&_Accidents_000189.png,1,0
train/ai/Natural_Disasters_&_Accidents_000202.png,1,0
train/ai/Natural_Disasters_&_Accidents_000208.png,1,0
train/ai/Natural_Disasters_&_Accidents_000209.png,1,0
train/ai/Natural_Disasters_&_Accidents_000212.png,1,0
train/ai/Natural_Disasters_&_Accidents_000213.png,1,0
train/ai/Natural_Disasters_&_Accidents_000215.png,1,0
train/ai/Natural_Disasters_&_Accidents_000218.png,1,0
train/ai/Natural_Disasters_&_Accidents_000230.png,1,0
train/ai/Natural_Disasters_&_Accidents_000232.png,1,0
train/ai/Natural_Disasters_&_Accidents_000233.png,1,0
train/ai/Natural_Disasters_&_Accidents_000246.png,1,0
train/ai/Natural_Disasters_&_Accidents_000256.png,1,0
train/ai/Natural_Disasters_&_Accidents_000257.png,1,0
train/ai/Natural_Disasters_&_Accidents_000276.png,1,0
train/ai/Natural_Disasters_&_Accidents_000284.png,1,0
train/ai/Natural_Disasters_&_Accidents_000290.png,1,0
train/ai/Natural_Disasters_&_Accidents_000315.png,1,0
train/ai/Natural_Disasters_&_Accidents_000317.png,1,0
train/ai/Natural_Disasters_&_Accidents_000321.png,1,0
train/ai/Natural_Disasters_&_Accidents_000327.png,1,0
train/ai/Natural_Disasters_&_Accidents_000337.png,1,0
train/ai/Natural_Disasters_&_Accidents_000343.png,1,0
train/ai/Natural_Disasters_&_Accidents_000349.png,1,0
train/ai/Natural_Disasters_&_Accidents_000355.png,1,0
train/ai/Natural_Disasters_&_Accidents_000358.png,1,0
train/ai/Natural_Disasters_&_Accidents_000366.png,1,0
train/ai/Natural_Disasters_&_Accidents_000372.png,1,0
train/ai/Natural_Disasters_&_Accidents_000378.png,1,0
train/ai/Natural_Disasters_&_Accidents_000391.png,1,0
train/ai/Natural_Disasters_&_Accidents_000394.png,1,0
train/ai/Natural_Disasters_&_Accidents_000397.png,1,0
train/ai/Natural_Disasters_&_Accidents_000416.png,1,0
train/ai/Natural_Disasters_&_Accidents_000421.png,1,0
train/ai/Natural_Disasters_&_Accidents_000422.png,1,0
train/ai/Natural_Disasters_&_Accidents_000423.png,1,0
train/ai/Natural_Disasters_&_Accidents_000427.png,1,0
train/ai/Natural_Disasters_&_Accidents_000434.png,1,0
train/ai/Natural_Disasters_&_Accidents_000436.png,1,0
train/ai/Natural_Disasters_&_Accidents_000439.png,1,0
train/ai/Natural_Disasters_&_Accidents_000442.png,1,0
train/ai/Natural_Disasters_&_Accidents_000444.png,1,0
train/ai/Natural_Disasters_&_Accidents_000478.png,1,0
train/ai/Natural_Disasters_&_Accidents_000482.png,1,0
train/ai/Natural_Disasters_&_Accidents_000487.png,1,0
train/ai/Natural_Disasters_&_Accidents_000489.png,1,0
train/ai/Natural_Disasters_&_Accidents_000490.png,1,0
train/ai/Natural_Disasters_&_Accidents_000491.png,1,0
train/ai/Natural_Disasters_&_Accidents_000510.png,1,0
train/ai/Natural_Disasters_&_Accidents_000512.png,1,0
train/ai/Natural_Disasters_&_Accidents_000520.png,1,0
train/ai/Natural_Disasters_&_Accidents_000526.png,1,0
train/ai/Natural_Disasters_&_Accidents_000528.png,1,0
train/ai/Natural_Disasters_&_Accidents_000539.png,1,0
train/ai/Natural_Disasters_&_Accidents_000569.png,1,0
train/ai/Natural_Disasters_&_Accidents_000594.png,1,0
train/ai/Natural_Disasters_&_Accidents_000608.png,1,0
train/ai/Natural_Disasters_&_Accidents_000620.png,1,0
train/ai/Natural_Disasters_&_Accidents_000623.png,1,0
train/ai/Natural_Disasters_&_Accidents_000624.png,1,0
train/ai/Natural_Disasters_&_Accidents_000626.png,1,0
train/ai/Natural_Disasters_&_Accidents_000630.png,1,0
train/ai/Natural_Disasters_&_Accidents_000632.png,1,0
train/ai/Natural_Disasters_&_Accidents_000634.png,1,0
train/ai/Natural_Disasters_&_Accidents_000644.png,1,0
train/ai/Natural_Disasters_&_Accidents_000655.png,1,0
train/ai/Natural_Disasters_&_Accidents_000699.png,1,0
train/ai/Natural_Disasters_&_Accidents_000718.png,1,0
train/ai/Natural_Disasters_&_Accidents_000720.png,1,0
train/ai/Natural_Disasters_&_Accidents_000725.png,1,0
train/ai/Natural_Disasters_&_Accidents_000737.png,1,0
train/ai/Natural_Disasters_&_Accidents_000738.png,1,0
train/ai/Natural_Disasters_&_Accidents_000748.png,1,0
train/ai/Natural_Disasters_&_Accidents_000750.png,1,0
train/ai/Natural_Disasters_&_Accidents_000758.png,1,0
train/ai/Natural_Disasters_&_Accidents_000772.png,1,0
train/ai/Natural_Disasters_&_Accidents_000773.png,1,0
train/ai/Natural_Disasters_&_Accidents_000782.png,1,0
train/ai/Natural_Disasters_&_Accidents_000793.png,1,0
train/ai/Natural_Disasters_&_Accidents_000802.png,1,0
train/ai/Natural_Disasters_&_Accidents_000805.png,1,0
train/ai/Natural_Disasters_&_Accidents_000808.png,1,0
train/ai/Natural_Disasters_&_Accidents_000812.png,1,0
train/ai/Natural_Disasters_&_Accidents_000817.png,1,0
train/ai/Natural_Disasters_&_Accidents_000820.png,1,0
train/ai/Natural_Disasters_&_Accidents_000821.png,1,0
train/ai/Natural_Disasters_&_Accidents_000831.png,1,0
train/ai/Natural_Disasters_&_Accidents_000843.png,1,0
train/ai/Natural_Disasters_&_Accidents_000868.png,1,0
train/ai/Natural_Disasters_&_Accidents_000872.png,1,0
train/ai/Natural_Disasters_&_Accidents_000877.png,1,0
train/ai/Natural_Disasters_&_Accidents_000879.png,1,0
train/ai/Natural_Disasters_&_Accidents_000888.png,1,0
train/ai/Natural_Disasters_&_Accidents_000909.png,1,0
train/ai/Natural_Disasters_&_Accidents_000914.png,1,0
train/ai/Natural_Disasters_&_Accidents_000920.png,1,0
train/ai/Natural_Disasters_&_Accidents_000921.png,1,0
train/ai/Natural_Disasters_&_Accidents_000943.png,1,0
train/ai/Natural_Disasters_&_Accidents_000947.png,1,0
train/ai/Natural_Disasters_&_Accidents_000964.png,1,0
train/ai/Natural_Disasters_&_Accidents_000970.png,1,0
train/ai/Natural_Disasters_&_Accidents_000977.png,1,0
train/ai/Natural_Disasters_&_Accidents_000978.png,1,0
train/ai/Natural_Disasters_&_Accidents_000997.png,1,0
train/ai/normal_007007.png,1,0
train/ai/normal_007018.png,1,0
train/ai/normal_007029.png,1,0
train/ai/normal_007049.png,1,0
train/ai/normal_007052.png,1,0
train/ai/normal_007054.png,1,0
train/ai/normal_007057.png,1,0
train/ai/normal_007068.png,1,0
train/ai/normal_007070.png,1,0
train/ai/normal_007075.png,1,0
train/ai/normal_007076.png,1,0
train/ai/normal_007091.png,1,0
train/ai/normal_007097.png,1,0
train/ai/normal_007106.png,1,0
train/ai/normal_007108.png,1,0
train/ai/normal_007118.png,1,0
train/ai/normal_007125.png,1,0
train/ai/normal_007126.png,1,0
train/ai/normal_007127.png,1,0
train/ai/normal_007128.png,1,0
train/ai/normal_007134.png,1,0
train/ai/normal_007135.png,1,0
train/ai/normal_007138.png,1,0
train/ai/normal_007142.png,1,0
train/ai/normal_007155.png,1,0
train/ai/normal_007169.png,1,0
train/ai/normal_007176.png,1,0
train/ai/normal_007178.png,1,0
train/ai/normal_007182.png,1,0
train/ai/normal_007193.png,1,0
train/ai/normal_007195.png,1,0
train/ai/normal_007219.png,1,0
train/ai/normal_007221.png,1,0
train/ai/normal_007224.png,1,0
train/ai/normal_007225.png,1,0
train/ai/normal_007242.png,1,0
train/ai/normal_007251.png,1,0
train/ai/normal_007282.png,1,0
train/ai/normal_007283.png,1,0
train/ai/normal_007308.png,1,0
train/ai/normal_007311.png,1,0
train/ai/normal_007318.png,1,0
train/ai/normal_007353.png,1,0
train/ai/normal_007354.png,1,0
train/ai/normal_007358.png,1,0
train/ai/normal_007368.png,1,0
train/ai/normal_007403.png,1,0
train/ai/normal_007404.png,1,0
train/ai/normal_007407.png,1,0
train/ai/normal_007420.png,1,0
train/ai/normal_007426.png,1,0
train/ai/normal_007435.png,1,0
train/ai/normal_007440.png,1,0
train/ai/normal_007443.png,1,0
train/ai/normal_007455.png,1,0
train/ai/normal_007458.png,1,0
train/ai/normal_007461.png,1,0
train/ai/normal_007478.png,1,0
train/ai/normal_007501.png,1,0
train/ai/normal_007505.png,1,0
train/ai/normal_007507.png,1,0
train/ai/normal_007513.png,1,0
train/ai/normal_007517.png,1,0
train/ai/normal_007518.png,1,0
train/ai/normal_007526.png,1,0
train/ai/normal_007530.png,1,0
train/ai/normal_007565.png,1,0
train/ai/normal_007571.png,1,0
train/ai/normal_007574.png,1,0
train/ai/normal_007581.png,1,0
train/ai/normal_007583.png,1,0
train/ai/normal_007594.png,1,0
train/ai/normal_007599.png,1,0
train/ai/normal_007609.png,1,0
train/ai/normal_007611.png,1,0
train/ai/normal_007619.png,1,0
train/ai/normal_007624.png,1,0
train/ai/normal_007625.png,1,0
train/ai/normal_007628.png,1,0
train/ai/normal_007649.png,1,0
train/ai/normal_007651.png,1,0
train/ai/normal_007657.png,1,0
train/ai/normal_007659.png,1,0
train/ai/normal_007664.png,1,0
train/ai/normal_007671.png,1,0
train/ai/normal_007679.png,1,0
train/ai/normal_007689.png,1,0
train/ai/normal_007704.png,1,0
train/ai/normal_007708.png,1,0
train/ai/normal_007719.png,1,0
train/ai/normal_007755.png,1,0
train/ai/normal_007760.png,1,0
train/ai/normal_007765.png,1,0
train/ai/normal_007766.png,1,0
train/ai/normal_007770.png,1,0
train/ai/normal_007771.png,1,0
train/ai/normal_007780.png,1,0
train/ai/normal_007792.png,1,0
train/ai/normal_007809.png,1,0
train/ai/normal_007813.png,1,0
train/ai/normal_007838.png,1,0
train/ai/normal_007841.png,1,0
train/ai/normal_007861.png,1,0
train/ai/normal_007873.png,1,0
train/ai/normal_007894.png,1,0
train/ai/normal_007902.png,1,0
train/ai/normal_007918.png,1,0
train/ai/normal_007933.png,1,0
train/ai/normal_007937.png,1,0
train/ai/normal_007943.png,1,0
train/ai/normal_007945.png,1,0
train/ai/normal_007952.png,1,0
train/ai/normal_007971.png,1,0
train/ai/normal_007972.png,1,0
train/ai/normal_007974.png,1,0
train/ai/normal_007980.png,1,0
train/ai/normal_008016.png,1,0
train/ai/normal_008018.png,1,0
train/ai/normal_008025.png,1,0
train/ai/normal_008030.png,1,0
train/ai/normal_008035.png,1,0
train/ai/normal_008045.png,1,0
train/ai/normal_008048.png,1,0
train/ai/normal_008052.png,1,0
train/ai/normal_008055.png,1,0
train/ai/normal_008060.png,1,0
train/ai/normal_008061.png,1,0
train/ai/normal_008073.png,1,0
train/ai/normal_008077.png,1,0
train/ai/normal_008083.png,1,0
train/ai/normal_008106.png,1,0
train/ai/normal_008107.png,1,0
train/ai/normal_008110.png,1,0
train/ai/normal_008111.png,1,0
train/ai/normal_008117.png,1,0
train/ai/normal_008121.png,1,0
train/ai/normal_008125.png,1,0
train/ai/normal_008126.png,1,0
train/ai/normal_008129.png,1,0
train/ai/normal_008136.png,1,0
train/ai/normal_008142.png,1,0
train/ai/normal_008147.png,1,0
train/ai/normal_008175.png,1,0
train/ai/normal_008212.png,1,0
train/ai/normal_008227.png,1,0
train/ai/normal_008228.png,1,0
train/ai/normal_008238.png,1,0
train/ai/normal_008289.png,1,0
train/ai/normal_008296.png,1,0
train/ai/normal_008297.png,1,0
train/ai/normal_008309.png,1,0
train/ai/normal_008356.png,1,0
train/ai/normal_008369.png,1,0
train/ai/normal_008376.png,1,0
train/ai/normal_008377.png,1,0
train/ai/normal_008379.png,1,0
train/ai/normal_008382.png,1,0
train/ai/normal_008387.png,1,0
train/ai/normal_008405.png,1,0
train/ai/normal_008416.png,1,0
train/ai/normal_008426.png,1,0
train/ai/normal_008435.png,1,0
train/ai/normal_008437.png,1,0
train/ai/normal_008450.png,1,0
train/ai/normal_008453.png,1,0
train/ai/normal_008467.png,1,0
train/ai/normal_008471.png,1,0
train/ai/normal_008476.png,1,0
train/ai/normal_008478.png,1,0
train/ai/normal_008479.png,1,0
train/ai/normal_008483.png,1,0
train/ai/normal_008484.png,1,0
train/ai/normal_008509.png,1,0
train/ai/normal_008510.png,1,0
train/ai/normal_008517.png,1,0
train/ai/normal_008523.png,1,0
train/ai/normal_008554.png,1,0
train/ai/normal_008561.png,1,0
train/ai/normal_008571.png,1,0
train/ai/normal_008595.png,1,0
train/ai/normal_008598.png,1,0
train/ai/normal_008604.png,1,0
train/ai/normal_008614.png,1,0
train/ai/normal_008618.png,1,0
train/ai/normal_008624.png,1,0
train/ai/normal_008646.png,1,0
train/ai/normal_008647.png,1,0
train/ai/normal_008650.png,1,0
train/ai/normal_008653.png,1,0
train/ai/normal_008659.png,1,0
train/ai/normal_008661.png,1,0
train/ai/normal_008673.png,1,0
train/ai/normal_008674.png,1,0
train/ai/normal_008675.png,1,0
train/ai/normal_008688.png,1,0
train/ai/normal_008695.png,1,0
train/ai/normal_008707.png,1,0
train/ai/normal_008714.png,1,0
train/ai/normal_008721.png,1,0
train/ai/normal_008729.png,1,0
train/ai/normal_008732.png,1,0
train/ai/normal_008747.png,1,0
train/ai/normal_008753.png,1,0
train/ai/normal_008763.png,1,0
train/ai/normal_008769.png,1,0
train/ai/normal_008770.png,1,0
train/ai/normal_008776.png,1,0
train/ai/normal_008797.png,1,0
train/ai/normal_008799.png,1,0
train/ai/normal_008800.png,1,0
train/ai/normal_008805.png,1,0
train/ai/normal_008807.png,1,0
train/ai/normal_008811.png,1,0
train/ai/normal_008814.png,1,0
train/ai/normal_008829.png,1,0
train/ai/normal_008831.png,1,0
train/ai/normal_008832.png,1,0
train/ai/normal_008839.png,1,0
train/ai/normal_008844.png,1,0
train/ai/normal_008845.png,1,0
train/ai/normal_008849.png,1,0
train/ai/normal_008854.png,1,0
train/ai/normal_008867.png,1,0
train/ai/normal_008872.png,1,0
train/ai/normal_008874.png,1,0
train/ai/normal_008878.png,1,0
train/ai/normal_008922.png,1,0
train/ai/normal_008932.png,1,0
train/ai/normal_008937.png,1,0
train/ai/normal_008942.png,1,0
train/ai/normal_008946.png,1,0
train/ai/normal_008947.png,1,0
train/ai/normal_008948.png,1,0
train/ai/normal_008950.png,1,0
train/ai/normal_008952.png,1,0
train/ai/normal_008953.png,1,0
train/ai/normal_008963.png,1,0
train/ai/normal_008970.png,1,0
train/ai/normal_008973.png,1,0
train/ai/normal_008976.png,1,0
train/ai/normal_008979.png,1,0
train/ai/normal_008995.png,1,0
train/ai/normal_009002.png,1,0
train/ai/normal_009038.png,1,0
train/ai/normal_009044.png,1,0
train/ai/normal_009076.png,1,0
train/ai/normal_009080.png,1,0
train/ai/normal_009083.png,1,0
train/ai/normal_009109.png,1,0
train/ai/normal_009110.png,1,0
train/ai/normal_009114.png,1,0
train/ai/normal_009122.png,1,0
train/ai/normal_009123.png,1,0
train/ai/normal_009130.png,1,0
train/ai/normal_009132.png,1,0
train/ai/normal_009137.png,1,0
train/ai/normal_009140.png,1,0
train/ai/normal_009142.png,1,0
train/ai/normal_009143.png,1,0
train/ai/normal_009168.png,1,0
train/ai/normal_009171.png,1,0
train/ai/normal_009174.png,1,0
train/ai/normal_009190.png,1,0
train/ai/normal_009198.png,1,0
train/ai/normal_009202.png,1,0
train/ai/normal_009203.png,1,0
train/ai/normal_009211.png,1,0
train/ai/normal_009231.png,1,0
train/ai/normal_009235.png,1,0
train/ai/normal_009239.png,1,0
train/ai/normal_009245.png,1,0
train/ai/normal_009276.png,1,0
train/ai/normal_009279.png,1,0
train/ai/normal_009293.png,1,0
train/ai/normal_009300.png,1,0
train/ai/normal_009301.png,1,0
train/ai/normal_009302.png,1,0
train/ai/normal_009322.png,1,0
train/ai/normal_009330.png,1,0
train/ai/normal_009349.png,1,0
train/ai/normal_009360.png,1,0
train/ai/normal_009361.png,1,0
train/ai/normal_009369.png,1,0
train/ai/normal_009381.png,1,0
train/ai/normal_009382.png,1,0
train/ai/normal_009409.png,1,0
train/ai/normal_009410.png,1,0
train/ai/normal_009422.png,1,0
train/ai/normal_009429.png,1,0
train/ai/normal_009431.png,1,0
train/ai/normal_009435.png,1,0
train/ai/normal_009440.png,1,0
train/ai/normal_009453.png,1,0
train/ai/normal_009458.png,1,0
train/ai/normal_009465.png,1,0
train/ai/normal_009467.png,1,0
train/ai/normal_009476.png,1,0
train/ai/normal_009477.png,1,0
train/ai/normal_009482.png,1,0
train/ai/normal_009483.png,1,0
train/ai/normal_009487.png,1,0
train/ai/normal_009489.png,1,0
train/ai/normal_009492.png,1,0
train/ai/normal_009497.png,1,0
train/ai/normal_009515.png,1,0
train/ai/normal_009521.png,1,0
train/ai/normal_009537.png,1,0
train/ai/normal_009538.png,1,0
train/ai/normal_009553.png,1,0
train/ai/normal_009557.png,1,0
train/ai/normal_009559.png,1,0
train/ai/normal_009573.png,1,0
train/ai/normal_009578.png,1,0
train/ai/normal_009581.png,1,0
train/ai/normal_009582.png,1,0
train/ai/normal_009589.png,1,0
train/ai/normal_009590.png,1,0
train/ai/normal_009603.png,1,0
train/ai/normal_009616.png,1,0
train/ai/normal_009619.png,1,0
train/ai/normal_009625.png,1,0
train/ai/normal_009633.png,1,0
train/ai/normal_009657.png,1,0
train/ai/normal_009661.png,1,0
train/ai/normal_009663.png,1,0
train/ai/normal_009666.png,1,0
train/ai/normal_009676.png,1,0
train/ai/normal_009678.png,1,0
train/ai/normal_009687.png,1,0
train/ai/normal_009695.png,1,0
train/ai/normal_009698.png,1,0
train/ai/normal_009703.png,1,0
train/ai/normal_009708.png,1,0
train/ai/normal_009726.png,1,0
train/ai/normal_009727.png,1,0
train/ai/normal_009733.png,1,0
train/ai/normal_009744.png,1,0
train/ai/normal_009745.png,1,0
train/ai/normal_009749.png,1,0
train/ai/normal_009751.png,1,0
train/ai/normal_009760.png,1,0
train/ai/normal_009763.png,1,0
train/ai/normal_009772.png,1,0
train/ai/normal_009775.png,1,0
train/ai/normal_009788.png,1,0
train/ai/normal_009803.png,1,0
train/ai/normal_009818.png,1,0
train/ai/normal_009878.png,1,0
train/ai/normal_009902.png,1,0
train/ai/normal_009916.png,1,0
train/ai/normal_009919.png,1,0
train/ai/normal_009929.png,1,0
train/ai/normal_009947.png,1,0
train/ai/normal_009954.png,1,0
train/ai/normal_009983.png,1,0
train/ai/normal_009993.png,1,0
train/ai/normal_009994.png,1,0
train/ai/normal_009998.png,1,0
train/ai/Political_&_Social_Events_000002.png,1,0
train/ai/Political_&_Social_Events_000007.png,1,0
train/ai/Political_&_Social_Events_000028.png,1,0
train/ai/Political_&_Social_Events_000044.png,1,0
train/ai/Political_&_Social_Events_000049.png,1,0
train/ai/Political_&_Social_Events_000050.png,1,0
train/ai/Political_&_Social_Events_000067.png,1,0
train/ai/Political_&_Social_Events_000084.png,1,0
train/ai/Political_&_Social_Events_000092.png,1,0
train/ai/Political_&_Social_Events_000104.png,1,0
train/ai/Political_&_Social_Events_000106.png,1,0
train/ai/Political_&_Social_Events_000130.png,1,0
train/ai/Political_&_Social_Events_000132.png,1,0
train/ai/Political_&_Social_Events_000142.png,1,0
train/ai/Political_&_Social_Events_000169.png,1,0
train/ai/Political_&_Social_Events_000177.png,1,0
train/ai/Political_&_Social_Events_000209.png,1,0
train/ai/Political_&_Social_Events_000222.png,1,0
train/ai/Political_&_Social_Events_000241.png,1,0
train/ai/Political_&_Social_Events_000242.png,1,0
train/ai/Political_&_Social_Events_000247.png,1,0
train/ai/Political_&_Social_Events_000265.png,1,0
train/ai/Political_&_Social_Events_000273.png,1,0
train/ai/Political_&_Social_Events_000276.png,1,0
train/ai/Political_&_Social_Events_000281.png,1,0
train/ai/Political_&_Social_Events_000288.png,1,0
train/ai/Political_&_Social_Events_000292.png,1,0
train/ai/Political_&_Social_Events_000296.png,1,0
train/ai/Political_&_Social_Events_000297.png,1,0
train/ai/Political_&_Social_Events_000308.png,1,0
train/ai/Political_&_Social_Events_000318.png,1,0
train/ai/Political_&_Social_Events_000342.png,1,0
train/ai/Political_&_Social_Events_000353.png,1,0
train/ai/Political_&_Social_Events_000358.png,1,0
train/ai/Political_&_Social_Events_000360.png,1,0
train/ai/Political_&_Social_Events_000370.png,1,0
train/ai/Political_&_Social_Events_000385.png,1,0
train/ai/Political_&_Social_Events_000402.png,1,0
train/ai/Political_&_Social_Events_000407.png,1,0
train/ai/Political_&_Social_Events_000422.png,1,0
train/ai/Political_&_Social_Events_000430.png,1,0
train/ai/Political_&_Social_Events_000440.png,1,0
train/ai/Political_&_Social_Events_000447.png,1,0
train/ai/Political_&_Social_Events_000450.png,1,0
train/ai/Political_&_Social_Events_000458.png,1,0
train/ai/Political_&_Social_Events_000464.png,1,0
train/ai/Political_&_Social_Events_000469.png,1,0
train/ai/Political_&_Social_Events_000470.png,1,0
train/ai/Political_&_Social_Events_000478.png,1,0
train/ai/Political_&_Social_Events_000491.png,1,0
train/ai/Political_&_Social_Events_000498.png,1,0
train/ai/Political_&_Social_Events_000499.png,1,0
train/ai/Political_&_Social_Events_000504.png,1,0
train/ai/Political_&_Social_Events_000510.png,1,0
train/ai/Political_&_Social_Events_000512.png,1,0
train/ai/Political_&_Social_Events_000538.png,1,0
train/ai/Political_&_Social_Events_000547.png,1,0
train/ai/Political_&_Social_Events_000562.png,1,0
train/ai/Political_&_Social_Events_000576.png,1,0
train/ai/Political_&_Social_Events_000584.png,1,0
train/ai/Political_&_Social_Events_000588.png,1,0
train/ai/Political_&_Social_Events_000591.png,1,0
train/ai/Political_&_Social_Events_000597.png,1,0
train/ai/Political_&_Social_Events_000622.png,1,0
train/ai/Political_&_Social_Events_000638.png,1,0
train/ai/Political_&_Social_Events_000640.png,1,0
train/ai/Political_&_Social_Events_000641.png,1,0
train/ai/Political_&_Social_Events_000643.png,1,0
train/ai/Political_&_Social_Events_000669.png,1,0
train/ai/Political_&_Social_Events_000680.png,1,0
train/ai/Political_&_Social_Events_000685.png,1,0
train/ai/Political_&_Social_Events_000688.png,1,0
train/ai/Political_&_Social_Events_000696.png,1,0
train/ai/Political_&_Social_Events_000708.png,1,0
train/ai/Political_&_Social_Events_000716.png,1,0
train/ai/Political_&_Social_Events_000721.png,1,0
train/ai/Political_&_Social_Events_000738.png,1,0
train/ai/Political_&_Social_Events_000754.png,1,0
train/ai/Political_&_Social_Events_000755.png,1,0
train/ai/Political_&_Social_Events_000757.png,1,0
train/ai/Political_&_Social_Events_000768.png,1,0
train/ai/Political_&_Social_Events_000770.png,1,0
train/ai/Political_&_Social_Events_000772.png,1,0
train/ai/Political_&_Social_Events_000773.png,1,0
train/ai/Political_&_Social_Events_000776.png,1,0
train/ai/Political_&_Social_Events_000778.png,1,0
train/ai/Political_&_Social_Events_000785.png,1,0
train/ai/Political_&_Social_Events_000801.png,1,0
train/ai/Political_&_Social_Events_000802.png,1,0
train/ai/Political_&_Social_Events_000805.png,1,0
train/ai/Political_&_Social_Events_000807.png,1,0
train/ai/Political_&_Social_Events_000813.png,1,0
train/ai/Political_&_Social_Events_000831.png,1,0
train/ai/Political_&_Social_Events_000833.png,1,0
train/ai/Political_&_Social_Events_000843.png,1,0
train/ai/Political_&_Social_Events_000850.png,1,0
train/ai/Political_&_Social_Events_000855.png,1,0
train/ai/Political_&_Social_Events_000860.png,1,0
train/ai/Political_&_Social_Events_000874.png,1,0
train/ai/Political_&_Social_Events_000875.png,1,0
train/ai/Political_&_Social_Events_000878.png,1,0
train/ai/Political_&_Social_Events_000879.png,1,0
train/ai/Political_&_Social_Events_000884.png,1,0
train/ai/Political_&_Social_Events_000899.png,1,0
train/ai/Political_&_Social_Events_000909.png,1,0
train/ai/Political_&_Social_Events_000910.png,1,0
train/ai/Political_&_Social_Events_000919.png,1,0
train/ai/Political_&_Social_Events_000954.png,1,0
train/ai/Political_&_Social_Events_000961.png,1,0
train/ai/Political_&_Social_Events_000967.png,1,0
train/ai/Political_&_Social_Events_000976.png,1,0
train/ai/Political_&_Social_Events_000983.png,1,0
train/ai/Political_&_Social_Events_000993.png,1,0
train/ai/production_000002.png,1,0
train/ai/production_000007.png,1,0
train/ai/production_000010.png,1,0
train/ai/production_000011.png,1,0
train/ai/production_000013.png,1,0
train/ai/production_000036.png,1,0
train/ai/production_000042.png,1,0
train/ai/production_000048.png,1,0
train/ai/production_000049.png,1,0
train/ai/production_000053.png,1,0
train/ai/production_000061.png,1,0
train/ai/production_000065.png,1,0
train/ai/production_000070.png,1,0
train/ai/production_000089.png,1,0
train/ai/production_000093.png,1,0
train/ai/production_000094.png,1,0
train/ai/production_000102.png,1,0
train/ai/production_000104.png,1,0
train/ai/production_000110.png,1,0
train/ai/production_000111.png,1,0
train/ai/production_000113.png,1,0
train/ai/production_000116.png,1,0
train/ai/production_000124.png,1,0
train/ai/production_000138.png,1,0
train/ai/production_000139.png,1,0
train/ai/production_000143.png,1,0
train/ai/production_000148.png,1,0
train/ai/production_000160.png,1,0
train/ai/production_000166.png,1,0
train/ai/production_000170.png,1,0
train/ai/production_000171.png,1,0
train/ai/production_000177.png,1,0
train/ai/production_000190.png,1,0
train/ai/production_000191.png,1,0
train/ai/production_000207.png,1,0
train/ai/production_000232.png,1,0
train/ai/production_000236.png,1,0
train/ai/production_000237.png,1,0
train/ai/production_000245.png,1,0
train/ai/production_000273.png,1,0
train/ai/production_000281.png,1,0
train/ai/production_000285.png,1,0
train/ai/production_000307.png,1,0
train/ai/production_000308.png,1,0
train/ai/production_000334.png,1,0
train/ai/production_000339.png,1,0
train/ai/production_000345.png,1,0
train/ai/production_000357.png,1,0
train/ai/production_000399.png,1,0
train/ai/production_000400.png,1,0
train/ai/production_000402.png,1,0
train/ai/production_000408.png,1,0
train/ai/production_000410.png,1,0
train/ai/production_000419.png,1,0
train/ai/production_000426.png,1,0
train/ai/production_000440.png,1,0
train/ai/production_000451.png,1,0
train/ai/production_000456.png,1,0
train/ai/production_000461.png,1,0
train/ai/production_000470.png,1,0
train/ai/production_000480.png,1,0
train/ai/production_000485.png,1,0
train/ai/production_000489.png,1,0
train/ai/production_000498.png,1,0
train/ai/production_000508.png,1,0
train/ai/production_000513.png,1,0
train/ai/production_000514.png,1,0
train/ai/production_000516.png,1,0
train/ai/production_000528.png,1,0
train/ai/production_000530.png,1,0
train/ai/production_000535.png,1,0
train/ai/production_000538.png,1,0
train/ai/production_000540.png,1,0
train/ai/production_000563.png,1,0
train/ai/production_000565.png,1,0
train/ai/production_000567.png,1,0
train/ai/production_000574.png,1,0
train/ai/production_000575.png,1,0
train/ai/production_000584.png,1,0
train/ai/production_000588.png,1,0
train/ai/production_000610.png,1,0
train/ai/production_000624.png,1,0
train/ai/production_000632.png,1,0
train/ai/production_000636.png,1,0
train/ai/production_000638.png,1,0
train/ai/production_000649.png,1,0
train/ai/production_000652.png,1,0
train/ai/production_000653.png,1,0
train/ai/production_000660.png,1,0
train/ai/production_000661.png,1,0
train/ai/production_000690.png,1,0
train/ai/production_000692.png,1,0
train/ai/production_000698.png,1,0
train/ai/production_000701.png,1,0
train/ai/production_000702.png,1,0
train/ai/production_000712.png,1,0
train/ai/production_000713.png,1,0
train/ai/production_000728.png,1,0
train/ai/production_000731.png,1,0
train/ai/production_000741.png,1,0
train/ai/production_000748.png,1,0
train/ai/production_000759.png,1,0
train/ai/production_000764.png,1,0
train/ai/production_000772.png,1,0
train/ai/production_000781.png,1,0
train/ai/production_000804.png,1,0
train/ai/production_000806.png,1,0
train/ai/production_000813.png,1,0
train/ai/production_000817.png,1,0
train/ai/production_000843.png,1,0
train/ai/production_000857.png,1,0
train/ai/production_000870.png,1,0
train/ai/production_000878.png,1,0
train/ai/production_000879.png,1,0
train/ai/production_000893.png,1,0
train/ai/production_000898.png,1,0
train/ai/production_000899.png,1,0
train/ai/production_000906.png,1,0
train/ai/production_000913.png,1,0
train/ai/production_000923.png,1,0
train/ai/production_000924.png,1,0
train/ai/production_000925.png,1,0
train/ai/production_000936.png,1,0
train/ai/production_000938.png,1,0
train/ai/production_000941.png,1,0
train/ai/production_000949.png,1,0
train/ai/production_000953.png,1,0
train/ai/production_000964.png,1,0
train/ai/production_000979.png,1,0
train/ai/production_000986.png,1,0
train/ai/production_000988.png,1,0
train/ai/production_000991.png,1,0
train/ai/production_000992.png,1,0
train/ai/production_000997.png,1,0
train/ai/War_&_Conflict_Scenes_000004.png,1,0
train/ai/War_&_Conflict_Scenes_000008.png,1,0
train/ai/War_&_Conflict_Scenes_000009.png,1,0
train/ai/War_&_Conflict_Scenes_000013.png,1,0
train/ai/War_&_Conflict_Scenes_000030.png,1,0
train/ai/War_&_Conflict_Scenes_000044.png,1,0
train/ai/War_&_Conflict_Scenes_000046.png,1,0
train/ai/War_&_Conflict_Scenes_000088.png,1,0
train/ai/War_&_Conflict_Scenes_000098.png,1,0
train/ai/War_&_Conflict_Scenes_000111.png,1,0
train/ai/War_&_Conflict_Scenes_000116.png,1,0
train/ai/War_&_Conflict_Scenes_000121.png,1,0
train/ai/War_&_Conflict_Scenes_000123.png,1,0
train/ai/War_&_Conflict_Scenes_000138.png,1,0
train/ai/War_&_Conflict_Scenes_000141.png,1,0
train/ai/War_&_Conflict_Scenes_000144.png,1,0
train/ai/War_&_Conflict_Scenes_000145.png,1,0
train/ai/War_&_Conflict_Scenes_000147.png,1,0
train/ai/War_&_Conflict_Scenes_000150.png,1,0
train/ai/War_&_Conflict_Scenes_000152.png,1,0
train/ai/War_&_Conflict_Scenes_000153.png,1,0
train/ai/War_&_Conflict_Scenes_000185.png,1,0
train/ai/War_&_Conflict_Scenes_000188.png,1,0
train/ai/War_&_Conflict_Scenes_000192.png,1,0
train/ai/War_&_Conflict_Scenes_000195.png,1,0
train/ai/War_&_Conflict_Scenes_000200.png,1,0
train/ai/War_&_Conflict_Scenes_000205.png,1,0
train/ai/War_&_Conflict_Scenes_000214.png,1,0
train/ai/War_&_Conflict_Scenes_000220.png,1,0
train/ai/War_&_Conflict_Scenes_000224.png,1,0
train/ai/War_&_Conflict_Scenes_000228.png,1,0
train/ai/War_&_Conflict_Scenes_000234.png,1,0
train/ai/War_&_Conflict_Scenes_000245.png,1,0
train/ai/War_&_Conflict_Scenes_000247.png,1,0
train/ai/War_&_Conflict_Scenes_000255.png,1,0
train/ai/War_&_Conflict_Scenes_000256.png,1,0
train/ai/War_&_Conflict_Scenes_000260.png,1,0
train/ai/War_&_Conflict_Scenes_000262.png,1,0
train/ai/War_&_Conflict_Scenes_000266.png,1,0
train/ai/War_&_Conflict_Scenes_000270.png,1,0
train/ai/War_&_Conflict_Scenes_000274.png,1,0
train/ai/War_&_Conflict_Scenes_000283.png,1,0
train/ai/War_&_Conflict_Scenes_000293.png,1,0
train/ai/War_&_Conflict_Scenes_000294.png,1,0
train/ai/War_&_Conflict_Scenes_000302.png,1,0
train/ai/War_&_Conflict_Scenes_000304.png,1,0
train/ai/War_&_Conflict_Scenes_000321.png,1,0
train/ai/War_&_Conflict_Scenes_000323.png,1,0
train/ai/War_&_Conflict_Scenes_000333.png,1,0
train/ai/War_&_Conflict_Scenes_000335.png,1,0
train/ai/War_&_Conflict_Scenes_000340.png,1,0
train/ai/War_&_Conflict_Scenes_000344.png,1,0
train/ai/War_&_Conflict_Scenes_000372.png,1,0
train/ai/War_&_Conflict_Scenes_000398.png,1,0
train/ai/War_&_Conflict_Scenes_000411.png,1,0
train/ai/War_&_Conflict_Scenes_000414.png,1,0
train/ai/War_&_Conflict_Scenes_000416.png,1,0
train/ai/War_&_Conflict_Scenes_000417.png,1,0
train/ai/War_&_Conflict_Scenes_000418.png,1,0
train/ai/War_&_Conflict_Scenes_000460.png,1,0
train/ai/War_&_Conflict_Scenes_000463.png,1,0
train/ai/War_&_Conflict_Scenes_000465.png,1,0
train/ai/War_&_Conflict_Scenes_000466.png,1,0
train/ai/War_&_Conflict_Scenes_000483.png,1,0
train/ai/War_&_Conflict_Scenes_000491.png,1,0
train/ai/War_&_Conflict_Scenes_000511.png,1,0
train/ai/War_&_Conflict_Scenes_000515.png,1,0
train/ai/War_&_Conflict_Scenes_000517.png,1,0
train/ai/War_&_Conflict_Scenes_000519.png,1,0
train/ai/War_&_Conflict_Scenes_000530.png,1,0
train/ai/War_&_Conflict_Scenes_000534.png,1,0
train/ai/War_&_Conflict_Scenes_000541.png,1,0
train/ai/War_&_Conflict_Scenes_000544.png,1,0
train/ai/War_&_Conflict_Scenes_000567.png,1,0
train/ai/War_&_Conflict_Scenes_000573.png,1,0
train/ai/War_&_Conflict_Scenes_000582.png,1,0
train/ai/War_&_Conflict_Scenes_000591.png,1,0
train/ai/War_&_Conflict_Scenes_000604.png,1,0
train/ai/War_&_Conflict_Scenes_000608.png,1,0
train/ai/War_&_Conflict_Scenes_000624.png,1,0
train/ai/War_&_Conflict_Scenes_000630.png,1,0
train/ai/War_&_Conflict_Scenes_000636.png,1,0
train/ai/War_&_Conflict_Scenes_000643.png,1,0
train/ai/War_&_Conflict_Scenes_000644.png,1,0
train/ai/War_&_Conflict_Scenes_000657.png,1,0
train/ai/War_&_Conflict_Scenes_000670.png,1,0
train/ai/War_&_Conflict_Scenes_000680.png,1,0
train/ai/War_&_Conflict_Scenes_000683.png,1,0
train/ai/War_&_Conflict_Scenes_000689.png,1,0
train/ai/War_&_Conflict_Scenes_000691.png,1,0
train/ai/War_&_Conflict_Scenes_000704.png,1,0
train/ai/War_&_Conflict_Scenes_000707.png,1,0
train/ai/War_&_Conflict_Scenes_000711.png,1,0
train/ai/War_&_Conflict_Scenes_000715.png,1,0
train/ai/War_&_Conflict_Scenes_000722.png,1,0
train/ai/War_&_Conflict_Scenes_000725.png,1,0
train/ai/War_&_Conflict_Scenes_000729.png,1,0
train/ai/War_&_Conflict_Scenes_000732.png,1,0
train/ai/War_&_Conflict_Scenes_000749.png,1,0
train/ai/War_&_Conflict_Scenes_000754.png,1,0
train/ai/War_&_Conflict_Scenes_000772.png,1,0
train/ai/War_&_Conflict_Scenes_000775.png,1,0
train/ai/War_&_Conflict_Scenes_000776.png,1,0
train/ai/War_&_Conflict_Scenes_000777.png,1,0
train/ai/War_&_Conflict_Scenes_000779.png,1,0
train/ai/War_&_Conflict_Scenes_000784.png,1,0
train/ai/War_&_Conflict_Scenes_000790.png,1,0
train/ai/War_&_Conflict_Scenes_000794.png,1,0
train/ai/War_&_Conflict_Scenes_000796.png,1,0
train/ai/War_&_Conflict_Scenes_000799.png,1,0
train/ai/War_&_Conflict_Scenes_000801.png,1,0
train/ai/War_&_Conflict_Scenes_000802.png,1,0
train/ai/War_&_Conflict_Scenes_000806.png,1,0
train/ai/War_&_Conflict_Scenes_000809.png,1,0
train/ai/War_&_Conflict_Scenes_000813.png,1,0
train/ai/War_&_Conflict_Scenes_000818.png,1,0
train/ai/War_&_Conflict_Scenes_000839.png,1,0
train/ai/War_&_Conflict_Scenes_000851.png,1,0
train/ai/War_&_Conflict_Scenes_000853.png,1,0
train/ai/War_&_Conflict_Scenes_000856.png,1,0
train/ai/War_&_Conflict_Scenes_000866.png,1,0
train/ai/War_&_Conflict_Scenes_000875.png,1,0
train/ai/War_&_Conflict_Scenes_000876.png,1,0
train/ai/War_&_Conflict_Scenes_000881.png,1,0
train/ai/War_&_Conflict_Scenes_000890.png,1,0
train/ai/War_&_Conflict_Scenes_000894.png,1,0
train/ai/War_&_Conflict_Scenes_000905.png,1,0
train/ai/War_&_Conflict_Scenes_000907.png,1,0
train/ai/War_&_Conflict_Scenes_000909.png,1,0
train/ai/War_&_Conflict_Scenes_000915.png,1,0
train/ai/War_&_Conflict_Scenes_000928.png,1,0
train/ai/War_&_Conflict_Scenes_000940.png,1,0
train/ai/War_&_Conflict_Scenes_000944.png,1,0
train/ai/War_&_Conflict_Scenes_000945.png,1,0
train/ai/War_&_Conflict_Scenes_000948.png,1,0
train/ai/War_&_Conflict_Scenes_000954.png,1,0
train/ai/War_&_Conflict_Scenes_000967.png,1,0
train/ai/War_&_Conflict_Scenes_000975.png,1,0
train/ai/War_&_Conflict_Scenes_000980.png,1,0
train/ai/War_&_Conflict_Scenes_000992.png,1,0
train/ai/War_&_Conflict_Scenes_000994.png,1,0
train/ai/War_&_Conflict_Scenes_000995.png,1,0
train/ai/War_&_Conflict_Scenes_000996.png,1,0
train/ai/War_&_Conflict_Scenes_000997.png,1,0
train/real/real_000030.jpg,0,0
train/real/real_000031.jpg,0,0
train/real/real_000035.jpg,0,0
train/real/real_000047.jpg,0,0
train/real/real_000065.jpg,0,0
train/real/real_000070.jpg,0,0
train/real/real_000074.jpg,0,0
train/real/real_000075.jpg,0,0
train/real/real_000088.jpg,0,0
train/real/real_000096.jpg,0,0
train/real/real_000125.jpg,0,0
train/real/real_000133.jpg,0,0
train/real/real_000169.jpg,0,0
train/real/real_000180.jpg,0,0
train/real/real_000182.jpg,0,0
train/real/real_000184.jpg,0,0
train/real/real_000193.jpg,0,0
train/real/real_000197.jpg,0,0
train/real/real_000199.jpg,0,0
train/real/real_000219.jpg,0,0
train/real/real_000222.jpg,0,0
train/real/real_000234.jpg,0,0
train/real/real_000243.jpg,0,0
train/real/real_000247.jpg,0,0
train/real/real_000248.jpg,0,0
train/real/real_000249.jpg,0,0
train/real/real_000264.jpg,0,0
train/real/real_000294.jpg,0,0
train/real/real_000324.jpg,0,0
train/real/real_000326.jpg,0,0
train/real/real_000344.jpg,0,0
train/real/real_000350.jpg,0,0
train/real/real_000351.jpg,0,0
train/real/real_000353.jpg,0,0
train/real/real_000361.jpg,0,0
train/real/real_000364.jpg,0,0
train/real/real_000372.jpg,0,0
train/real/real_000384.jpg,0,0
train/real/real_000393.jpg,0,0
train/real/real_000399.jpg,0,0
train/real/real_000401.jpg,0,0
train/real/real_000402.jpg,0,0
train/real/real_000406.jpg,0,0
train/real/real_000407.jpg,0,0
train/real/real_000408.jpg,0,0
train/real/real_000409.jpg,0,0
train/real/real_000415.jpg,0,0
train/real/real_000416.jpg,0,0
train/real/real_000423.jpg,0,0
train/real/real_000424.jpg,0,0
train/real/real_000425.jpg,0,0
train/real/real_000427.jpg,0,0
train/real/real_000434.jpg,0,0
train/real/real_000441.jpg,0,0
train/real/real_000451.jpg,0,0
train/real/real_000460.jpg,0,0
train/real/real_000467.jpg,0,0
train/real/real_000470.jpg,0,0
train/real/real_000478.jpg,0,0
train/real/real_000479.jpg,0,0
train/real/real_000487.jpg,0,0
train/real/real_000488.jpg,0,0
train/real/real_000507.jpg,0,0
train/real/real_000509.jpg,0,0
train/real/real_000517.jpg,0,0
train/real/real_000540.jpg,0,0
train/real/real_000559.jpg,0,0
train/real/real_000560.jpg,0,0
train/real/real_000574.jpg,0,0
train/real/real_000579.jpg,0,0
train/real/real_000582.jpg,0,0
train/real/real_000597.jpg,0,0
train/real/real_000600.jpg,0,0
train/real/real_000624.jpg,0,0
train/real/real_000634.jpg,0,0
train/real/real_000649.jpg,0,0
train/real/real_000650.jpg,0,0
train/real/real_000668.jpg,0,0
train/real/real_000669.jpg,0,0
train/real/real_000673.jpg,0,0
train/real/real_000695.jpg,0,0
train/real/real_000702.jpg,0,0
train/real/real_000709.jpg,0,0
train/real/real_000713.jpg,0,0
train/real/real_000718.jpg,0,0
train/real/real_000732.jpg,0,0
train/real/real_000735.jpg,0,0
train/real/real_000766.jpg,0,0
train/real/real_000770.jpg,0,0
train/real/real_000771.jpg,0,0
train/real/real_000775.jpg,0,0
train/real/real_000778.jpg,0,0
train/real/real_000781.jpg,0,0
train/real/real_000788.jpg,0,0
train/real/real_000793.jpg,0,0
train/real/real_000799.jpg,0,0
train/real/real_000814.jpg,0,0
train/real/real_000824.jpg,0,0
train/real/real_000827.jpg,0,0
train/real/real_000853.jpg,0,0
train/real/real_000855.jpg,0,0
train/real/real_000857.jpg,0,0
train/real/real_000864.jpg,0,0
train/real/real_000865.jpg,0,0
train/real/real_000866.jpg,0,0
train/real/real_000874.jpg,0,0
train/real/real_000883.jpg,0,0
train/real/real_000904.jpg,0,0
train/real/real_000909.jpg,0,0
train/real/real_000910.jpg,0,0
train/real/real_000912.jpg,0,0
train/real/real_000916.jpg,0,0
train/real/real_000922.jpg,0,0
train/real/real_000923.jpg,0,0
train/real/real_000935.jpg,0,0
train/real/real_000937.jpg,0,0
train/real/real_000940.jpg,0,0
train/real/real_000950.jpg,0,0
train/real/real_000951.jpg,0,0
train/real/real_000986.jpg,0,0
train/real/real_001004.jpg,0,0
train/real/real_001008.jpg,0,0
train/real/real_001009.jpg,0,0
train/real/real_001018.jpg,0,0
train/real/real_001035.jpg,0,0
train/real/real_001043.jpg,0,0
train/real/real_001046.jpg,0,0
train/real/real_001054.jpg,0,0
train/real/real_001055.jpg,0,0
train/real/real_001063.jpg,0,0
train/real/real_001083.jpg,0,0
train/real/real_001090.jpg,0,0
train/real/real_001107.jpg,0,0
train/real/real_001109.jpg,0,0
train/real/real_001129.jpg,0,0
train/real/real_001134.jpg,0,0
train/real/real_001135.jpg,0,0
train/real/real_001140.jpg,0,0
train/real/real_001208.jpg,0,0
train/real/real_001223.jpg,0,0
train/real/real_001233.jpg,0,0
train/real/real_001248.jpg,0,0
train/real/real_001249.jpg,0,0
train/real/real_001256.jpg,0,0
train/real/real_001261.jpg,0,0
train/real/real_001281.jpg,0,0
train/real/real_001283.jpg,0,0
train/real/real_001284.jpg,0,0
train/real/real_001286.jpg,0,0
train/real/real_001289.jpg,0,0
train/real/real_001291.jpg,0,0
train/real/real_001306.jpg,0,0
train/real/real_001309.jpg,0,0
train/real/real_001310.jpg,0,0
train/real/real_001314.jpg,0,0
train/real/real_001317.jpg,0,0
train/real/real_001326.jpg,0,0
train/real/real_001334.jpg,0,0
train/real/real_001341.jpg,0,0
train/real/real_001347.jpg,0,0
train/real/real_001362.jpg,0,0
train/real/real_001370.jpg,0,0
train/real/real_001372.jpg,0,0
train/real/real_001376.jpg,0,0
train/real/real_001384.jpg,0,0
train/real/real_001391.jpg,0,0
train/real/real_001397.jpg,0,0
train/real/real_001398.jpg,0,0
train/real/real_001420.jpg,0,0
train/real/real_001421.jpg,0,0
train/real/real_001425.jpg,0,0
train/real/real_001428.jpg,0,0
train/real/real_001435.jpg,0,0
train/real/real_001436.jpg,0,0
train/real/real_001442.jpg,0,0
train/real/real_001450.jpg,0,0
train/real/real_001488.jpg,0,0
train/real/real_001494.jpg,0,0
train/real/real_001504.jpg,0,0
train/real/real_001511.jpg,0,0
train/real/real_001525.jpg,0,0
train/real/real_001547.jpg,0,0
train/real/real_001549.jpg,0,0
train/real/real_001554.jpg,0,0
train/real/real_001555.jpg,0,0
train/real/real_001558.jpg,0,0
train/real/real_001564.jpg,0,0
train/real/real_001567.jpg,0,0
train/real/real_001572.jpg,0,0
train/real/real_001573.jpg,0,0
train/real/real_001574.jpg,0,0
train/real/real_001582.jpg,0,0
train/real/real_001584.jpg,0,0
train/real/real_001592.jpg,0,0
train/real/real_001596.jpg,0,0
train/real/real_001597.jpg,0,0
train/real/real_001615.jpg,0,0
train/real/real_001641.jpg,0,0
train/real/real_001653.jpg,0,0
train/real/real_001663.jpg,0,0
train/real/real_001674.jpg,0,0
train/real/real_001675.jpg,0,0
train/real/real_001683.jpg,0,0
train/real/real_001689.jpg,0,0
train/real/real_001690.jpg,0,0
train/real/real_001699.jpg,0,0
train/real/real_001700.jpg,0,0
train/real/real_001713.jpg,0,0
train/real/real_001730.jpg,0,0
train/real/real_001737.jpg,0,0
train/real/real_001741.jpg,0,0
train/real/real_001744.jpg,0,0
train/real/real_001749.jpg,0,0
train/real/real_001752.jpg,0,0
train/real/real_001757.jpg,0,0
train/real/real_001758.jpg,0,0
train/real/real_001759.jpg,0,0
train/real/real_001762.jpg,0,0
train/real/real_001778.jpg,0,0
train/real/real_001784.jpg,0,0
train/real/real_001794.jpg,0,0
train/real/real_001798.jpg,0,0
train/real/real_001809.jpg,0,0
train/real/real_001847.jpg,0,0
train/real/real_001849.jpg,0,0
train/real/real_001857.jpg,0,0
train/real/real_001861.jpg,0,0
train/real/real_001867.jpg,0,0
train/real/real_001873.jpg,0,0
train/real/real_001898.jpg,0,0
train/real/real_001913.jpg,0,0
train/real/real_001924.jpg,0,0
train/real/real_001927.jpg,0,0
train/real/real_001940.jpg,0,0
train/real/real_001945.jpg,0,0
train/real/real_001952.jpg,0,0
train/real/real_001953.jpg,0,0
train/real/real_001961.jpg,0,0
train/real/real_001964.jpg,0,0
train/real/real_001973.jpg,0,0
train/real/real_001978.jpg,0,0
train/real/real_001979.jpg,0,0
train/real/real_001989.jpg,0,0
train/real/real_002009.jpg,0,0
train/real/real_002015.jpg,0,0
train/real/real_002016.jpg,0,0
train/real/real_002021.jpg,0,0
train/real/real_002024.jpg,0,0
train/real/real_002028.jpg,0,0
train/real/real_002031.jpg,0,0
train/real/real_002040.jpg,0,0
train/real/real_002056.jpg,0,0
train/real/real_002060.jpg,0,0
train/real/real_002063.jpg,0,0
train/real/real_002079.jpg,0,0
train/real/real_002106.jpg,0,0
train/real/real_002134.jpg,0,0
train/real/real_002137.jpg,0,0
train/real/real_002164.jpg,0,0
train/real/real_002178.jpg,0,0
train/real/real_002181.jpg,0,0
train/real/real_002185.jpg,0,0
train/real/real_002189.jpg,0,0
train/real/real_002194.jpg,0,0
train/real/real_002200.jpg,0,0
train/real/real_002204.jpg,0,0
train/real/real_002207.jpg,0,0
train/real/real_002218.jpg,0,0
train/real/real_002224.jpg,0,0
train/real/real_002225.jpg,0,0
train/real/real_002231.jpg,0,0
train/real/real_002248.jpg,0,0
train/real/real_002264.jpg,0,0
train/real/real_002271.jpg,0,0
train/real/real_002276.jpg,0,0
train/real/real_002280.jpg,0,0
train/real/real_002284.jpg,0,0
train/real/real_002285.jpg,0,0
train/real/real_002291.jpg,0,0
train/real/real_002293.jpg,0,0
train/real/real_002297.jpg,0,0
train/real/real_002302.jpg,0,0
train/real/real_002311.jpg,0,0
train/real/real_002339.jpg,0,0
train/real/real_002341.jpg,0,0
train/real/real_002347.jpg,0,0
train/real/real_002350.jpg,0,0
train/real/real_002353.jpg,0,0
train/real/real_002354.jpg,0,0
train/real/real_002367.jpg,0,0
train/real/real_002368.jpg,0,0
train/real/real_002377.jpg,0,0
train/real/real_002380.jpg,0,0
train/real/real_002386.jpg,0,0
train/real/real_002389.jpg,0,0
train/real/real_002399.jpg,0,0
train/real/real_002404.jpg,0,0
train/real/real_002408.jpg,0,0
train/real/real_002410.jpg,0,0
train/real/real_002426.jpg,0,0
train/real/real_002433.jpg,0,0
train/real/real_002449.jpg,0,0
train/real/real_002451.jpg,0,0
train/real/real_002460.jpg,0,0
train/real/real_002464.jpg,0,0
train/real/real_002492.jpg,0,0
train/real/real_002507.jpg,0,0
train/real/real_002513.jpg,0,0
train/real/real_002515.jpg,0,0
train/real/real_002538.jpg,0,0
train/real/real_002552.jpg,0,0
train/real/real_002554.jpg,0,0
train/real/real_002556.jpg,0,0
train/real/real_002559.jpg,0,0
train/real/real_002585.jpg,0,0
train/real/real_002587.jpg,0,0
train/real/real_002594.jpg,0,0
train/real/real_002595.jpg,0,0
train/real/real_002599.jpg,0,0
train/real/real_002610.jpg,0,0
train/real/real_002611.jpg,0,0
train/real/real_002616.jpg,0,0
train/real/real_002633.jpg,0,0
train/real/real_002639.jpg,0,0
train/real/real_002642.jpg,0,0
train/real/real_002653.jpg,0,0
train/real/real_002659.jpg,0,0
train/real/real_002667.jpg,0,0
train/real/real_002676.jpg,0,0
train/real/real_002679.jpg,0,0
train/real/real_002686.jpg,0,0
train/real/real_002690.jpg,0,0
train/real/real_002691.jpg,0,0
train/real/real_002692.jpg,0,0
train/real/real_002710.jpg,0,0
train/real/real_002711.jpg,0,0
train/real/real_002720.jpg,0,0
train/real/real_002729.jpg,0,0
train/real/real_002743.jpg,0,0
train/real/real_002748.jpg,0,0
train/real/real_002750.jpg,0,0
train/real/real_002753.jpg,0,0
train/real/real_002762.jpg,0,0
train/real/real_002778.jpg,0,0
train/real/real_002779.jpg,0,0
train/real/real_002792.jpg,0,0
train/real/real_002797.jpg,0,0
train/real/real_002821.jpg,0,0
train/real/real_002823.jpg,0,0
train/real/real_002824.jpg,0,0
train/real/real_002837.jpg,0,0
train/real/real_002839.jpg,0,0
train/real/real_002843.jpg,0,0
train/real/real_002854.jpg,0,0
train/real/real_002855.jpg,0,0
train/real/real_002856.jpg,0,0
train/real/real_002864.jpg,0,0
train/real/real_002866.jpg,0,0
train/real/real_002868.jpg,0,0
train/real/real_002881.jpg,0,0
train/real/real_002882.jpg,0,0
train/real/real_002887.jpg,0,0
train/real/real_002893.jpg,0,0
train/real/real_002908.jpg,0,0
train/real/real_002929.jpg,0,0
train/real/real_002940.jpg,0,0
train/real/real_002949.jpg,0,0
train/real/real_002955.jpg,0,0
train/real/real_002970.jpg,0,0
train/real/real_002979.jpg,0,0
train/real/real_003001.jpg,0,0
train/real/real_003012.jpg,0,0
train/real/real_003014.jpg,0,0
train/real/real_003020.jpg,0,0
train/real/real_003030.jpg,0,0
train/real/real_003033.jpg,0,0
train/real/real_003039.jpg,0,0
train/real/real_003043.jpg,0,0
train/real/real_003044.jpg,0,0
train/real/real_003051.jpg,0,0
train/real/real_003056.jpg,0,0
train/real/real_003065.jpg,0,0
train/real/real_003066.jpg,0,0
train/real/real_003082.jpg,0,0
train/real/real_003083.jpg,0,0
train/real/real_003084.jpg,0,0
train/real/real_003096.jpg,0,0
train/real/real_003098.jpg,0,0
train/real/real_003099.jpg,0,0
train/real/real_003100.jpg,0,0
train/real/real_003143.jpg,0,0
train/real/real_003161.jpg,0,0
train/real/real_003173.jpg,0,0
train/real/real_003177.jpg,0,0
train/real/real_003179.jpg,0,0
train/real/real_003181.jpg,0,0
train/real/real_003184.jpg,0,0
train/real/real_003189.jpg,0,0
train/real/real_003198.jpg,0,0
train/real/real_003200.jpg,0,0
train/real/real_003203.jpg,0,0
train/real/real_003226.jpg,0,0
train/real/real_003227.jpg,0,0
train/real/real_003232.jpg,0,0
train/real/real_003235.jpg,0,0
train/real/real_003240.jpg,0,0
train/real/real_003246.jpg,0,0
train/real/real_003250.jpg,0,0
train/real/real_003256.jpg,0,0
train/real/real_003270.jpg,0,0
train/real/real_003271.jpg,0,0
train/real/real_003279.jpg,0,0
train/real/real_003287.jpg,0,0
train/real/real_003308.jpg,0,0
train/real/real_003322.jpg,0,0
train/real/real_003326.jpg,0,0
train/real/real_003331.jpg,0,0
train/real/real_003341.jpg,0,0
train/real/real_003343.jpg,0,0
train/real/real_003348.jpg,0,0
train/real/real_003352.jpg,0,0
train/real/real_003353.jpg,0,0
train/real/real_003364.jpg,0,0
train/real/real_003374.jpg,0,0
train/real/real_003378.jpg,0,0
train/real/real_003400.jpg,0,0
train/real/real_003403.jpg,0,0
train/real/real_003407.jpg,0,0
train/real/real_003408.jpg,0,0
train/real/real_003411.jpg,0,0
train/real/real_003413.jpg,0,0
train/real/real_003415.jpg,0,0
train/real/real_003420.jpg,0,0
train/real/real_003422.jpg,0,0
train/real/real_003438.jpg,0,0
train/real/real_003472.jpg,0,0
train/real/real_003473.jpg,0,0
train/real/real_003481.jpg,0,0
train/real/real_003482.jpg,0,0
train/real/real_003489.jpg,0,0
train/real/real_003507.jpg,0,0
train/real/real_003511.jpg,0,0
train/real/real_003516.jpg,0,0
train/real/real_003518.jpg,0,0
train/real/real_003523.jpg,0,0
train/real/real_003532.jpg,0,0
train/real/real_003533.jpg,0,0
train/real/real_003537.jpg,0,0
train/real/real_003549.jpg,0,0
train/real/real_003552.jpg,0,0
train/real/real_003555.jpg,0,0
train/real/real_003557.jpg,0,0
train/real/real_003563.jpg,0,0
train/real/real_003565.jpg,0,0
train/real/real_003573.jpg,0,0
train/real/real_003576.jpg,0,0
train/real/real_003608.jpg,0,0
train/real/real_003611.jpg,0,0
train/real/real_003612.jpg,0,0
train/real/real_003617.jpg,0,0
train/real/real_003621.jpg,0,0
train/real/real_003622.jpg,0,0
train/real/real_003643.jpg,0,0
train/real/real_003658.jpg,0,0
train/real/real_003667.jpg,0,0
train/real/real_003668.jpg,0,0
train/real/real_003672.jpg,0,0
train/real/real_003688.jpg,0,0
train/real/real_003698.jpg,0,0
train/real/real_003703.jpg,0,0
train/real/real_003708.jpg,0,0
train/real/real_003711.jpg,0,0
train/real/real_003713.jpg,0,0
train/real/real_003727.jpg,0,0
train/real/real_003773.jpg,0,0
train/real/real_003795.jpg,0,0
train/real/real_003818.jpg,0,0
train/real/real_003826.jpg,0,0
train/real/real_003840.jpg,0,0
train/real/real_003854.jpg,0,0
train/real/real_003860.jpg,0,0
train/real/real_003865.jpg,0,0
train/real/real_003880.jpg,0,0
train/real/real_003891.jpg,0,0
train/real/real_003892.jpg,0,0
train/real/real_003895.jpg,0,0
train/real/real_003899.jpg,0,0
train/real/real_003916.jpg,0,0
train/real/real_003929.jpg,0,0
train/real/real_003936.jpg,0,0
train/real/real_003939.jpg,0,0
train/real/real_003950.jpg,0,0
train/real/real_003969.jpg,0,0
train/real/real_003970.jpg,0,0
train/real/real_003986.jpg,0,0
train/real/real_003991.jpg,0,0
train/real/real_003998.jpg,0,0
train/real/real_004000.jpg,0,0
train/real/real_004027.jpg,0,0
train/real/real_004039.jpg,0,0
train/real/real_004040.jpg,0,0
train/real/real_004044.jpg,0,0
train/real/real_004046.jpg,0,0
train/real/real_004056.jpg,0,0
train/real/real_004064.jpg,0,0
train/real/real_004083.jpg,0,0
train/real/real_004088.jpg,0,0
train/real/real_004095.jpg,0,0
train/real/real_004096.jpg,0,0
train/real/real_004097.jpg,0,0
train/real/real_004109.jpg,0,0
train/real/real_004110.jpg,0,0
train/real/real_004117.jpg,0,0
train/real/real_004118.jpg,0,0
train/real/real_004130.jpg,0,0
train/real/real_004137.jpg,0,0
train/real/real_004140.jpg,0,0
train/real/real_004151.jpg,0,0
train/real/real_004153.jpg,0,0
train/real/real_004168.jpg,0,0
train/real/real_004180.jpg,0,0
train/real/real_004187.jpg,0,0
train/real/real_004194.jpg,0,0
train/real/real_004196.jpg,0,0
train/real/real_004207.jpg,0,0
train/real/real_004232.jpg,0,0
train/real/real_004233.jpg,0,0
train/real/real_004234.jpg,0,0
train/real/real_004254.jpg,0,0
train/real/real_004256.jpg,0,0
train/real/real_004260.jpg,0,0
train/real/real_004262.jpg,0,0
train/real/real_004280.jpg,0,0
train/real/real_004305.jpg,0,0
train/real/real_004309.jpg,0,0
train/real/real_004321.jpg,0,0
train/real/real_004342.jpg,0,0
train/real/real_004343.jpg,0,0
train/real/real_004347.jpg,0,0
train/real/real_004357.jpg,0,0
train/real/real_004364.jpg,0,0
train/real/real_004367.jpg,0,0
train/real/real_004372.jpg,0,0
train/real/real_004391.jpg,0,0
train/real/real_004393.jpg,0,0
train/real/real_004410.jpg,0,0
train/real/real_004412.jpg,0,0
train/real/real_004425.jpg,0,0
train/real/real_004428.jpg,0,0
train/real/real_004429.jpg,0,0
train/real/real_004435.jpg,0,0
train/real/real_004442.jpg,0,0
train/real/real_004448.jpg,0,0
train/real/real_004457.jpg,0,0
train/real/real_004481.jpg,0,0
train/real/real_004495.jpg,0,0
train/real/real_004506.jpg,0,0
train/real/real_004515.jpg,0,0
train/real/real_004522.jpg,0,0
train/real/real_004523.jpg,0,0
train/real/real_004529.jpg,0,0
train/real/real_004530.jpg,0,0
train/real/real_004535.jpg,0,0
train/real/real_004545.jpg,0,0
train/real/real_004564.jpg,0,0
train/real/real_004565.jpg,0,0
train/real/real_004567.jpg,0,0
train/real/real_004592.jpg,0,0
train/real/real_004611.jpg,0,0
train/real/real_004612.jpg,0,0
train/real/real_004620.jpg,0,0
train/real/real_004625.jpg,0,0
train/real/real_004639.jpg,0,0
train/real/real_004650.jpg,0,0
train/real/real_004663.jpg,0,0
train/real/real_004665.jpg,0,0
train/real/real_004666.jpg,0,0
train/real/real_004678.jpg,0,0
train/real/real_004689.jpg,0,0
train/real/real_004691.jpg,0,0
train/real/real_004707.jpg,0,0
train/real/real_004710.jpg,0,0
train/real/real_004711.jpg,0,0
train/real/real_004712.jpg,0,0
train/real/real_004713.jpg,0,0
train/real/real_004726.jpg,0,0
train/real/real_004745.jpg,0,0
train/real/real_004754.jpg,0,0
train/real/real_004768.jpg,0,0
train/real/real_004770.jpg,0,0
train/real/real_004773.jpg,0,0
train/real/real_004778.jpg,0,0
train/real/real_004779.jpg,0,0
train/real/real_004782.jpg,0,0
train/real/real_004784.jpg,0,0
train/real/real_004786.jpg,0,0
train/real/real_004797.jpg,0,0
train/real/real_004805.jpg,0,0
train/real/real_004818.jpg,0,0
train/real/real_004835.jpg,0,0
train/real/real_004844.jpg,0,0
train/real/real_004847.jpg,0,0
train/real/real_004848.jpg,0,0
train/real/real_004850.jpg,0,0
train/real/real_004854.jpg,0,0
train/real/real_004871.jpg,0,0
train/real/real_004872.jpg,0,0
train/real/real_004878.jpg,0,0
train/real/real_004904.jpg,0,0
train/real/real_004907.jpg,0,0
train/real/real_004916.jpg,0,0
train/real/real_004928.jpg,0,0
train/real/real_004929.jpg,0,0
train/real/real_004930.jpg,0,0
train/real/real_004936.jpg,0,0
train/real/real_005000.jpg,0,0
train/real/real_005009.jpg,0,0
train/real/real_005031.jpg,0,0
train/real/real_005032.jpg,0,0
train/real/real_005049.jpg,0,0
train/real/real_005052.jpg,0,0
train/real/real_005068.jpg,0,0
train/real/real_005095.jpg,0,0
train/real/real_005100.jpg,0,0
train/real/real_005102.jpg,0,0
train/real/real_005108.jpg,0,0
train/real/real_005122.jpg,0,0
train/real/real_005130.jpg,0,0
train/real/real_005146.jpg,0,0
train/real/real_005148.jpg,0,0
train/real/real_005149.jpg,0,0
train/real/real_005161.jpg,0,0
train/real/real_005163.jpg,0,0
train/real/real_005184.jpg,0,0
train/real/real_005207.jpg,0,0
train/real/real_005215.jpg,0,0
train/real/real_005218.jpg,0,0
train/real/real_005223.jpg,0,0
train/real/real_005240.jpg,0,0
train/real/real_005244.jpg,0,0
train/real/real_005247.jpg,0,0
train/real/real_005259.jpg,0,0
train/real/real_005261.jpg,0,0
train/real/real_005262.jpg,0,0
train/real/real_005265.jpg,0,0
train/real/real_005272.jpg,0,0
train/real/real_005276.jpg,0,0
train/real/real_005278.jpg,0,0
train/real/real_005284.jpg,0,0
train/real/real_005289.jpg,0,0
train/real/real_005290.jpg,0,0
train/real/real_005302.jpg,0,0
train/real/real_005313.jpg,0,0
train/real/real_005314.jpg,0,0
train/real/real_005332.jpg,0,0
train/real/real_005346.jpg,0,0
train/real/real_005366.jpg,0,0
train/real/real_005378.jpg,0,0
train/real/real_005379.jpg,0,0
train/real/real_005386.jpg,0,0
train/real/real_005388.jpg,0,0
train/real/real_005392.jpg,0,0
train/real/real_005394.jpg,0,0
train/real/real_005399.jpg,0,0
train/real/real_005416.jpg,0,0
train/real/real_005418.jpg,0,0
train/real/real_005419.jpg,0,0
train/real/real_005427.jpg,0,0
train/real/real_005429.jpg,0,0
train/real/real_005450.jpg,0,0
train/real/real_005455.jpg,0,0
train/real/real_005480.jpg,0,0
train/real/real_005488.jpg,0,0
train/real/real_005508.jpg,0,0
train/real/real_005511.jpg,0,0
train/real/real_005513.jpg,0,0
train/real/real_005550.jpg,0,0
train/real/real_005551.jpg,0,0
train/real/real_005552.jpg,0,0
train/real/real_005558.jpg,0,0
train/real/real_005571.jpg,0,0
train/real/real_005578.jpg,0,0
train/real/real_005584.jpg,0,0
train/real/real_005594.jpg,0,0
train/real/real_005602.jpg,0,0
train/real/real_005603.jpg,0,0
train/real/real_005613.jpg,0,0
train/real/real_005614.jpg,0,0
train/real/real_005619.jpg,0,0
train/real/real_005636.jpg,0,0
train/real/real_005651.jpg,0,0
train/real/real_005667.jpg,0,0
train/real/real_005673.jpg,0,0
train/real/real_005685.jpg,0,0
train/real/real_005695.jpg,0,0
train/real/real_005698.jpg,0,0
train/real/real_005708.jpg,0,0
train/real/real_005714.jpg,0,0
train/real/real_005721.jpg,0,0
train/real/real_005726.jpg,0,0
train/real/real_005745.jpg,0,0
train/real/real_005746.jpg,0,0
train/real/real_005747.jpg,0,0
train/real/real_005757.jpg,0,0
train/real/real_005758.jpg,0,0
train/real/real_005766.jpg,0,0
train/real/real_005773.jpg,0,0
train/real/real_005790.jpg,0,0
train/real/real_005797.jpg,0,0
train/real/real_005807.jpg,0,0
train/real/real_005808.jpg,0,0
train/real/real_005813.jpg,0,0
train/real/real_005824.jpg,0,0
train/real/real_005847.jpg,0,0
train/real/real_005851.jpg,0,0
train/real/real_005853.jpg,0,0
train/real/real_005857.jpg,0,0
train/real/real_005862.jpg,0,0
train/real/real_005865.jpg,0,0
train/real/real_005874.jpg,0,0
train/real/real_005883.jpg,0,0
train/real/real_005889.jpg,0,0
train/real/real_005890.jpg,0,0
train/real/real_005908.jpg,0,0
train/real/real_005935.jpg,0,0
train/real/real_005937.jpg,0,0
train/real/real_005939.jpg,0,0
train/real/real_005959.jpg,0,0
train/real/real_005971.jpg,0,0
train/real/real_005973.jpg,0,0
train/real/real_005979.jpg,0,0
train/real/real_005980.jpg,0,0
train/real/real_005985.jpg,0,0
train/real/real_005988.jpg,0,0
train/real/real_005989.jpg,0,0
train/real/real_006000.jpg,0,0
train/real/real_006002.jpg,0,0
train/real/real_006003.jpg,0,0
train/real/real_006006.jpg,0,0
train/real/real_006014.jpg,0,0
train/real/real_006015.jpg,0,0
train/real/real_006017.jpg,0,0
train/real/real_006023.jpg,0,0
train/real/real_006025.jpg,0,0
train/real/real_006037.jpg,0,0
train/real/real_006042.jpg,0,0
train/real/real_006043.jpg,0,0
train/real/real_006044.jpg,0,0
train/real/real_006064.jpg,0,0
train/real/real_006065.jpg,0,0
train/real/real_006092.jpg,0,0
train/real/real_006093.jpg,0,0
train/real/real_006094.jpg,0,0
train/real/real_006105.jpg,0,0
train/real/real_006114.jpg,0,0
train/real/real_006115.jpg,0,0
train/real/real_006128.jpg,0,0
train/real/real_006134.jpg,0,0
train/real/real_006135.jpg,0,0
train/real/real_006136.jpg,0,0
train/real/real_006151.jpg,0,0
train/real/real_006165.jpg,0,0
train/real/real_006168.jpg,0,0
train/real/real_006177.jpg,0,0
train/real/real_006185.jpg,0,0
train/real/real_006192.jpg,0,0
train/real/real_006194.jpg,0,0
train/real/real_006207.jpg,0,0
train/real/real_006229.jpg,0,0
train/real/real_006233.jpg,0,0
train/real/real_006238.jpg,0,0
train/real/real_006240.jpg,0,0
train/real/real_006241.jpg,0,0
train/real/real_006254.jpg,0,0
train/real/real_006256.jpg,0,0
train/real/real_006264.jpg,0,0
train/real/real_006282.jpg,0,0
train/real/real_006287.jpg,0,0
train/real/real_006289.jpg,0,0
train/real/real_006296.jpg,0,0
train/real/real_006298.jpg,0,0
train/real/real_006315.jpg,0,0
train/real/real_006321.jpg,0,0
train/real/real_006331.jpg,0,0
train/real/real_006335.jpg,0,0
train/real/real_006337.jpg,0,0
train/real/real_006343.jpg,0,0
train/real/real_006345.jpg,0,0
train/real/real_006367.jpg,0,0
train/real/real_006373.jpg,0,0
train/real/real_006396.jpg,0,0
train/real/real_006398.jpg,0,0
train/real/real_006404.jpg,0,0
train/real/real_006412.jpg,0,0
train/real/real_006416.jpg,0,0
train/real/real_006420.jpg,0,0
train/real/real_006439.jpg,0,0
train/real/real_006444.jpg,0,0
train/real/real_006452.jpg,0,0
train/real/real_006462.jpg,0,0
train/real/real_006467.jpg,0,0
train/real/real_006469.jpg,0,0
train/real/real_006490.jpg,0,0
train/real/real_006492.jpg,0,0
train/real/real_006510.jpg,0,0
train/real/real_006522.jpg,0,0
train/real/real_006541.jpg,0,0
train/real/real_006559.jpg,0,0
train/real/real_006561.jpg,0,0
train/real/real_006568.jpg,0,0
train/real/real_006569.jpg,0,0
train/real/real_006575.jpg,0,0
train/real/real_006576.jpg,0,0
train/real/real_006579.jpg,0,0
train/real/real_006584.jpg,0,0
train/real/real_006590.jpg,0,0
train/real/real_006600.jpg,0,0
train/real/real_006601.jpg,0,0
train/real/real_006606.jpg,0,0
train/real/real_006627.jpg,0,0
train/real/real_006629.jpg,0,0
train/real/real_006637.jpg,0,0
train/real/real_006667.jpg,0,0
train/real/real_006668.jpg,0,0
train/real/real_006672.jpg,0,0
train/real/real_006680.jpg,0,0
train/real/real_006690.jpg,0,0
train/real/real_006693.jpg,0,0
train/real/real_006697.jpg,0,0
train/real/real_006698.jpg,0,0
train/real/real_006703.jpg,0,0
train/real/real_006711.jpg,0,0
train/real/real_006712.jpg,0,0
train/real/real_006714.jpg,0,0
train/real/real_006749.jpg,0,0
train/real/real_006754.jpg,0,0
train/real/real_006762.jpg,0,0
train/real/real_006767.jpg,0,0
train/real/real_006771.jpg,0,0
train/real/real_006787.jpg,0,0
train/real/real_006790.jpg,0,0
train/real/real_006794.jpg,0,0
train/real/real_006796.jpg,0,0
train/real/real_006846.jpg,0,0
train/real/real_006852.jpg,0,0
train/real/real_006859.jpg,0,0
train/real/real_006860.jpg,0,0
train/real/real_006862.jpg,0,0
train/real/real_006890.jpg,0,0
train/real/real_006901.jpg,0,0
train/real/real_006907.jpg,0,0
train/real/real_006908.jpg,0,0
train/real/real_006910.jpg,0,0
train/real/real_006919.jpg,0,0
train/real/real_006925.jpg,0,0
train/real/real_006945.jpg,0,0
train/real/real_006956.jpg,0,0
train/real/real_006965.jpg,0,0
train/real/real_006966.jpg,0,0
train/real/real_006967.jpg,0,0
train/real/real_006982.jpg,0,0
train/real/real_006990.jpg,0,0
train/real/real_006991.jpg,0,0
train/real/real_006992.jpg,0,0
train/real/real_007006.jpg,0,0
train/real/real_007011.jpg,0,0
train/real/real_007012.jpg,0,0
train/real/real_007024.jpg,0,0
train/real/real_007027.jpg,0,0
train/real/real_007034.jpg,0,0
train/real/real_007039.jpg,0,0
train/real/real_007054.jpg,0,0
train/real/real_007064.jpg,0,0
train/real/real_007072.jpg,0,0
train/real/real_007073.jpg,0,0
train/real/real_007076.jpg,0,0
train/real/real_007095.jpg,0,0
train/real/real_007098.jpg,0,0
train/real/real_007100.jpg,0,0
train/real/real_007101.jpg,0,0
train/real/real_007123.jpg,0,0
train/real/real_007126.jpg,0,0
train/real/real_007140.jpg,0,0
train/real/real_007147.jpg,0,0
train/real/real_007164.jpg,0,0
train/real/real_007165.jpg,0,0
train/real/real_007171.jpg,0,0
train/real/real_007174.jpg,0,0
train/real/real_007175.jpg,0,0
train/real/real_007177.jpg,0,0
train/real/real_007194.jpg,0,0
train/real/real_007198.jpg,0,0
train/real/real_007225.jpg,0,0
train/real/real_007230.jpg,0,0
train/real/real_007231.jpg,0,0
train/real/real_007238.jpg,0,0
train/real/real_007271.jpg,0,0
train/real/real_007283.jpg,0,0
train/real/real_007293.jpg,0,0
train/real/real_007301.jpg,0,0
train/real/real_007304.jpg,0,0
train/real/real_007309.jpg,0,0
train/real/real_007311.jpg,0,0
train/real/real_007313.jpg,0,0
train/real/real_007332.jpg,0,0
train/real/real_007341.jpg,0,0
train/real/real_007365.jpg,0,0
train/real/real_007375.jpg,0,0
train/real/real_007376.jpg,0,0
train/real/real_007381.jpg,0,0
train/real/real_007382.jpg,0,0
train/real/real_007384.jpg,0,0
train/real/real_007409.jpg,0,0
train/real/real_007411.jpg,0,0
train/real/real_007412.jpg,0,0
train/real/real_007415.jpg,0,0
train/real/real_007417.jpg,0,0
train/real/real_007421.jpg,0,0
train/real/real_007422.jpg,0,0
train/real/real_007427.jpg,0,0
train/real/real_007441.jpg,0,0
train/real/real_007445.jpg,0,0
train/real/real_007446.jpg,0,0
train/real/real_007457.jpg,0,0
train/real/real_007462.jpg,0,0
train/real/real_007464.jpg,0,0
train/real/real_007471.jpg,0,0
train/real/real_007474.jpg,0,0
train/real/real_007476.jpg,0,0
train/real/real_007478.jpg,0,0
train/real/real_007514.jpg,0,0
train/real/real_007525.jpg,0,0
train/real/real_007536.jpg,0,0
train/real/real_007539.jpg,0,0
train/real/real_007550.jpg,0,0
train/real/real_007557.jpg,0,0
train/real/real_007564.jpg,0,0
train/real/real_007567.jpg,0,0
train/real/real_007588.jpg,0,0
train/real/real_007595.jpg,0,0
train/real/real_007603.jpg,0,0
train/real/real_007604.jpg,0,0
train/real/real_007605.jpg,0,0
train/real/real_007606.jpg,0,0
train/real/real_007609.jpg,0,0
train/real/real_007615.jpg,0,0
train/real/real_007623.jpg,0,0
train/real/real_007634.jpg,0,0
train/real/real_007653.jpg,0,0
train/real/real_007655.jpg,0,0
train/real/real_007670.jpg,0,0
train/real/real_007688.jpg,0,0
train/real/real_007691.jpg,0,0
train/real/real_007692.jpg,0,0
train/real/real_007707.jpg,0,0
train/real/real_007712.jpg,0,0
train/real/real_007721.jpg,0,0
train/real/real_007726.jpg,0,0
train/real/real_007729.jpg,0,0
train/real/real_007733.jpg,0,0
train/real/real_007736.jpg,0,0
train/real/real_007737.jpg,0,0
train/real/real_007747.jpg,0,0
train/real/real_007759.jpg,0,0
train/real/real_007762.jpg,0,0
train/real/real_007767.jpg,0,0
train/real/real_007769.jpg,0,0
train/real/real_007780.jpg,0,0
train/real/real_007803.jpg,0,0
train/real/real_007831.jpg,0,0
train/real/real_007854.jpg,0,0
train/real/real_007856.jpg,0,0
train/real/real_007869.jpg,0,0
train/real/real_007894.jpg,0,0
train/real/real_007903.jpg,0,0
train/real/real_007916.jpg,0,0
train/real/real_007917.jpg,0,0
train/real/real_007919.jpg,0,0
train/real/real_007920.jpg,0,0
train/real/real_007927.jpg,0,0
train/real/real_007930.jpg,0,0
train/real/real_007931.jpg,0,0
train/real/real_007949.jpg,0,0
train/real/real_007954.jpg,0,0
train/real/real_007969.jpg,0,0
train/real/real_007984.jpg,0,0
train/real/real_008000.jpg,0,0
train/real/real_008002.jpg,0,0
train/real/real_008010.jpg,0,0
train/real/real_008025.jpg,0,0
train/real/real_008031.jpg,0,0
train/real/real_008047.jpg,0,0
train/real/real_008054.jpg,0,0
train/real/real_008060.jpg,0,0
train/real/real_008075.jpg,0,0
train/real/real_008085.jpg,0,0
train/real/real_008086.jpg,0,0
train/real/real_008089.jpg,0,0
train/real/real_008100.jpg,0,0
train/real/real_008101.jpg,0,0
train/real/real_008108.jpg,0,0
train/real/real_008112.jpg,0,0
train/real/real_008127.jpg,0,0
train/real/real_008129.jpg,0,0
train/real/real_008130.jpg,0,0
train/real/real_008139.jpg,0,0
train/real/real_008154.jpg,0,0
train/real/real_008186.jpg,0,0
train/real/real_008195.jpg,0,0
train/real/real_008198.jpg,0,0
train/real/real_008218.jpg,0,0
train/real/real_008219.jpg,0,0
train/real/real_008232.jpg,0,0
train/real/real_008291.jpg,0,0
train/real/real_008304.jpg,0,0
train/real/real_008313.jpg,0,0
train/real/real_008318.jpg,0,0
train/real/real_008329.jpg,0,0
train/real/real_008333.jpg,0,0
train/real/real_008335.jpg,0,0
train/real/real_008336.jpg,0,0
train/real/real_008338.jpg,0,0
train/real/real_008343.jpg,0,0
train/real/real_008353.jpg,0,0
train/real/real_008354.jpg,0,0
train/real/real_008385.jpg,0,0
train/real/real_008388.jpg,0,0
train/real/real_008389.jpg,0,0
train/real/real_008397.jpg,0,0
train/real/real_008398.jpg,0,0
train/real/real_008435.jpg,0,0
train/real/real_008458.jpg,0,0
train/real/real_008464.jpg,0,0
train/real/real_008469.jpg,0,0
train/real/real_008481.jpg,0,0
train/real/real_008484.jpg,0,0
train/real/real_008488.jpg,0,0
train/real/real_008494.jpg,0,0
train/real/real_008498.jpg,0,0
train/real/real_008504.jpg,0,0
train/real/real_008507.jpg,0,0
train/real/real_008509.jpg,0,0
train/real/real_008519.jpg,0,0
train/real/real_008528.jpg,0,0
train/real/real_008539.jpg,0,0
train/real/real_008554.jpg,0,0
train/real/real_008558.jpg,0,0
train/real/real_008564.jpg,0,0
train/real/real_008571.jpg,0,0
train/real/real_008573.jpg,0,0
train/real/real_008582.jpg,0,0
train/real/real_008596.jpg,0,0
train/real/real_008599.jpg,0,0
train/real/real_008604.jpg,0,0
train/real/real_008605.jpg,0,0
train/real/real_008630.jpg,0,0
train/real/real_008641.jpg,0,0
train/real/real_008642.jpg,0,0
train/real/real_008654.jpg,0,0
train/real/real_008658.jpg,0,0
train/real/real_008668.jpg,0,0
train/real/real_008678.jpg,0,0
train/real/real_008689.jpg,0,0
train/real/real_008700.jpg,0,0
train/real/real_008711.jpg,0,0
train/real/real_008721.jpg,0,0
train/real/real_008732.jpg,0,0
train/real/real_008735.jpg,0,0
train/real/real_008738.jpg,0,0
train/real/real_008750.jpg,0,0
train/real/real_008757.jpg,0,0
train/real/real_008762.jpg,0,0
train/real/real_008763.jpg,0,0
train/real/real_008764.jpg,0,0
train/real/real_008788.jpg,0,0
train/real/real_008792.jpg,0,0
train/real/real_008801.jpg,0,0
train/real/real_008812.jpg,0,0
train/real/real_008818.jpg,0,0
train/real/real_008820.jpg,0,0
train/real/real_008822.jpg,0,0
train/real/real_008828.jpg,0,0
train/real/real_008835.jpg,0,0
train/real/real_008849.jpg,0,0
train/real/real_008863.jpg,0,0
train/real/real_008867.jpg,0,0
train/real/real_008868.jpg,0,0
train/real/real_008872.jpg,0,0
train/real/real_008873.jpg,0,0
train/real/real_008874.jpg,0,0
train/real/real_008875.jpg,0,0
train/real/real_008876.jpg,0,0
train/real/real_008879.jpg,0,0
train/real/real_008899.jpg,0,0
train/real/real_008918.jpg,0,0
train/real/real_008920.jpg,0,0
train/real/real_008923.jpg,0,0
train/real/real_008945.jpg,0,0
train/real/real_008946.jpg,0,0
train/real/real_008961.jpg,0,0
train/real/real_008962.jpg,0,0
train/real/real_008972.jpg,0,0
train/real/real_008975.jpg,0,0
train/real/real_008979.jpg,0,0
train/real/real_008991.jpg,0,0
train/real/real_008992.jpg,0,0
train/real/real_009004.jpg,0,0
train/real/real_009008.jpg,0,0
train/real/real_009010.jpg,0,0
train/real/real_009013.jpg,0,0
train/real/real_009014.jpg,0,0
train/real/real_009024.jpg,0,0
train/real/real_009040.jpg,0,0
train/real/real_009048.jpg,0,0
train/real/real_009053.jpg,0,0
train/real/real_009067.jpg,0,0
train/real/real_009073.jpg,0,0
train/real/real_009076.jpg,0,0
train/real/real_009112.jpg,0,0
train/real/real_009116.jpg,0,0
train/real/real_009119.jpg,0,0
train/real/real_009120.jpg,0,0
train/real/real_009128.jpg,0,0
train/real/real_009129.jpg,0,0
train/real/real_009130.jpg,0,0
train/real/real_009133.jpg,0,0
train/real/real_009140.jpg,0,0
train/real/real_009141.jpg,0,0
train/real/real_009142.jpg,0,0
train/real/real_009158.jpg,0,0
train/real/real_009166.jpg,0,0
train/real/real_009170.jpg,0,0
train/real/real_009175.jpg,0,0
train/real/real_009186.jpg,0,0
train/real/real_009229.jpg,0,0
train/real/real_009241.jpg,0,0
train/real/real_009248.jpg,0,0
train/real/real_009252.jpg,0,0
train/real/real_009280.jpg,0,0
train/real/real_009281.jpg,0,0
train/real/real_009294.jpg,0,0
train/real/real_009296.jpg,0,0
train/real/real_009297.jpg,0,0
train/real/real_009304.jpg,0,0
train/real/real_009318.jpg,0,0
train/real/real_009320.jpg,0,0
train/real/real_009323.jpg,0,0
train/real/real_009324.jpg,0,0
train/real/real_009326.jpg,0,0
train/real/real_009327.jpg,0,0
train/real/real_009329.jpg,0,0
train/real/real_009332.jpg,0,0
train/real/real_009338.jpg,0,0
train/real/real_009341.jpg,0,0
train/real/real_009362.jpg,0,0
train/real/real_009363.jpg,0,0
train/real/real_009365.jpg,0,0
train/real/real_009388.jpg,0,0
train/real/real_009394.jpg,0,0
train/real/real_009399.jpg,0,0
train/real/real_009400.jpg,0,0
train/real/real_009406.jpg,0,0
train/real/real_009408.jpg,0,0
train/real/real_009410.jpg,0,0
train/real/real_009422.jpg,0,0
train/real/real_009427.jpg,0,0
train/real/real_009429.jpg,0,0
train/real/real_009436.jpg,0,0
train/real/real_009438.jpg,0,0
train/real/real_009452.jpg,0,0
train/real/real_009465.jpg,0,0
train/real/real_009466.jpg,0,0
train/real/real_009467.jpg,0,0
train/real/real_009469.jpg,0,0
train/real/real_009478.jpg,0,0
train/real/real_009485.jpg,0,0
train/real/real_009486.jpg,0,0
train/real/real_009487.jpg,0,0
train/real/real_009488.jpg,0,0
train/real/real_009506.jpg,0,0
train/real/real_009516.jpg,0,0
train/real/real_009519.jpg,0,0
train/real/real_009522.jpg,0,0
train/real/real_009524.jpg,0,0
train/real/real_009525.jpg,0,0
train/real/real_009537.jpg,0,0
train/real/real_009544.jpg,0,0
train/real/real_009565.jpg,0,0
train/real/real_009571.jpg,0,0
train/real/real_009576.jpg,0,0
train/real/real_009578.jpg,0,0
train/real/real_009590.jpg,0,0
train/real/real_009604.jpg,0,0
train/real/real_009612.jpg,0,0
train/real/real_009622.jpg,0,0
train/real/real_009630.jpg,0,0
train/real/real_009634.jpg,0,0
train/real/real_009636.jpg,0,0
train/real/real_009646.jpg,0,0
train/real/real_009654.jpg,0,0
train/real/real_009656.jpg,0,0
train/real/real_009660.jpg,0,0
train/real/real_009662.jpg,0,0
train/real/real_009683.jpg,0,0
train/real/real_009693.jpg,0,0
train/real/real_009698.jpg,0,0
train/real/real_009700.jpg,0,0
train/real/real_009705.jpg,0,0
train/real/real_009710.jpg,0,0
train/real/real_009715.jpg,0,0
train/real/real_009722.jpg,0,0
train/real/real_009726.jpg,0,0
train/real/real_009731.jpg,0,0
train/real/real_009735.jpg,0,0
train/real/real_009746.jpg,0,0
train/real/real_009754.jpg,0,0
train/real/real_009766.jpg,0,0
train/real/real_009768.jpg,0,0
train/real/real_009771.jpg,0,0
train/real/real_009773.jpg,0,0
train/real/real_009783.jpg,0,0
train/real/real_009784.jpg,0,0
train/real/real_009796.jpg,0,0
train/real/real_009801.jpg,0,0
train/real/real_009811.jpg,0,0
train/real/real_009816.jpg,0,0
train/real/real_009826.jpg,0,0
train/real/real_009828.jpg,0,0
train/real/real_009833.jpg,0,0
train/real/real_009868.jpg,0,0
train/real/real_009871.jpg,0,0
train/real/real_009882.jpg,0,0
train/real/real_009886.jpg,0,0
train/real/real_009896.jpg,0,0
train/real/real_009900.jpg,0,0
train/real/real_009913.jpg,0,0
train/real/real_009932.jpg,0,0
train/real/real_009938.jpg,0,0
train/real/real_009942.jpg,0,0
train/real/real_009961.jpg,0,0
train/real/real_009969.jpg,0,0
train/real/real_009974.jpg,0,0
train/real/real_009986.jpg,0,0
train/real/real_009987.jpg,0,0
train/real/real_009988.jpg,0,0
train/real/real_009989.jpg,0,0
train/real/real_009992.jpg,0,0
